#{"t_start": 1769001167.1058505, "env_id": "FetchReachDense-v4"}
r,l,t
-17.150201,50,1.140936
-18.224471,50,1.183673
-13.579024,50,1.549301
-27.963111,50,1.775738
-11.933905,50,2.028508
-15.725535,50,2.242102
-24.177489,50,2.464434
-20.200634,50,2.68699
-22.520284,50,2.918655
-11.593936,50,3.145472
-15.527591,50,3.374437
-21.990113,50,3.600173
-25.589129,50,3.822054
-20.462524,50,4.054469
-8.514,50,4.264879
-28.344012,50,4.491318
-24.657868,50,4.7246
-32.870811,50,4.951503
-27.121025,50,5.182969
-6.298053,50,5.417651
-8.976846,50,5.651754
-6.000467,50,5.890491
-11.864273,50,6.117351
-6.863969,50,6.359854
-6.970155,50,6.593679
-14.73854,50,6.824717
-8.763374,50,7.051866
-6.625958,50,7.2799
-11.047567,50,7.536649
-6.250794,50,7.771062
-5.673891,50,8.029873
-7.250339,50,8.281825
-5.597721,50,8.514466
-4.902123,50,8.748742
-10.825028,50,8.991348
-3.135947,50,9.242173
-3.357456,50,9.496506
-11.633887,50,9.753649
-5.64579,50,10.001194
-6.932079,50,10.246475
-9.539205,50,10.503173
-4.569785,50,10.759444
-5.356713,50,11.019162
-7.818874,50,11.259338
-11.037493,50,11.515814
-13.29858,50,11.765843
-1.274602,50,12.022394
-2.126016,50,12.283029
-3.012564,50,12.550323
-3.945057,50,12.797967
-7.827756,50,13.780065
-12.531531,50,14.047846
-3.255643,50,14.294764
-17.243301,50,14.545027
-7.231374,50,14.808013
-13.662636,50,15.064147
-9.996457,50,15.305664
-4.427991,50,15.561926
-3.791162,50,15.819157
-5.481369,50,16.07227
-3.179463,50,16.322928
-4.623833,50,16.578845
-7.885112,50,16.826321
-7.753816,50,17.085444
-5.156266,50,17.34949
-3.420456,50,17.610757
-4.692978,50,17.873226
-6.564238,50,18.145828
-6.486573,50,18.415756
-3.863504,50,18.676477
-8.772195,50,18.944539
-4.86156,50,19.198215
-8.622384,50,19.454544
-11.767801,50,19.716752
-2.672614,50,19.963445
-2.983704,50,20.225489
-5.319551,50,20.4823
-7.239555,50,20.744547
-7.523334,50,21.003484
-5.736527,50,21.27775
-2.964402,50,21.546704
-3.27472,50,21.808559
-5.923227,50,22.04436
-3.38703,50,22.293485
-2.159546,50,22.542993
-2.330354,50,22.803539
-2.921457,50,23.069393
-3.263234,50,23.331774
-5.119749,50,23.592495
-5.69168,50,23.848899
-4.965901,50,24.103266
-3.997973,50,24.348532
-3.641621,50,24.592921
-5.139391,50,24.845849
-3.531596,50,25.105796
-3.003679,50,25.355342
-2.946794,50,25.592945
-7.480481,50,25.8379
-4.85122,50,26.086479
-3.168581,50,26.328511
-3.686203,50,27.209727
-2.267001,50,27.441418
-4.329505,50,27.700261
-5.924516,50,27.958902
-3.148237,50,28.212292
-4.491325,50,28.457832
-3.590233,50,28.715508
-6.696985,50,28.966781
-3.799257,50,29.213427
-5.580655,50,29.465939
-5.745256,50,29.711106
-5.153111,50,29.962799
-4.448582,50,30.21022
-3.50463,50,30.453193
-3.188063,50,30.704802
-3.990902,50,30.951906
-4.825363,50,31.198764
-8.945273,50,31.454356
-2.562538,50,31.70639
-3.232025,50,31.964494
-6.353314,50,32.220057
-3.532177,50,32.465535
-4.307015,50,32.705744
-5.016957,50,32.95853
-7.385283,50,33.209761
-11.423226,50,33.441049
-6.299792,50,33.676807
-4.368223,50,33.929503
-6.720244,50,34.190309
-3.25607,50,34.448987
-4.496548,50,34.703681
-3.857695,50,34.964696
-3.110551,50,35.223027
-4.849748,50,35.471042
-6.63254,50,35.719772
-5.57334,50,35.97655
-8.962311,50,36.231955
-3.992139,50,36.477358
-9.372027,50,36.725348
-5.351894,50,36.990846
-3.415658,50,37.259612
-3.146697,50,37.493394
-2.044895,50,37.733364
-5.652388,50,37.963562
-2.995795,50,38.207704
-7.106711,50,38.454421
-3.13107,50,38.698314
-1.52434,50,38.955808
-3.710405,50,39.208512
-4.087287,50,39.463139
-6.759616,50,40.347167
-4.748075,50,40.614032
-5.416536,50,40.869133
-3.246643,50,41.121872
-7.025994,50,41.369021
-4.06827,50,41.615403
-4.542631,50,41.855474
-7.819895,50,42.09683
-7.331641,50,42.343739
-3.171918,50,42.588945
-2.820646,50,42.835844
-7.813046,50,43.091434
-3.102702,50,43.336339
-6.109631,50,43.572075
-3.565249,50,43.804755
-4.351981,50,44.052075
-5.507801,50,44.298455
-6.566411,50,44.54863
-3.314034,50,44.79764
-3.093341,50,45.048385
-2.643792,50,45.291685
-3.71957,50,45.541883
-4.411823,50,45.791945
-5.09066,50,46.044595
-3.498117,50,46.305415
-1.704849,50,46.557535
-3.752928,50,46.809877
-2.308559,50,47.070414
-5.624433,50,47.322036
-6.11888,50,47.578661
-3.455522,50,47.830322
-3.205071,50,48.078215
-3.037057,50,48.330443
-5.707176,50,48.584734
-4.945358,50,48.828693
-2.462441,50,49.083723
-4.66811,50,49.344503
-6.705809,50,49.592596
-3.261237,50,49.846677
-2.158448,50,50.096856
-5.770383,50,50.353473
-5.280865,50,50.611802
-3.041025,50,50.862294
-2.420923,50,51.107328
-3.248554,50,51.344685
-2.396091,50,51.595675
-4.704379,50,51.850575
-3.029206,50,52.106266
-2.095986,50,52.358773
-1.118517,50,52.593249
-4.522337,50,53.513211
-5.814103,50,53.768101
-3.196513,50,54.021139
-2.92465,50,54.274334
-4.36867,50,54.523256
-2.247367,50,54.781663
-4.41157,50,55.03141
-3.662168,50,55.282336
-3.745545,50,55.526215
-3.515811,50,55.771389
-2.125408,50,56.016559
-2.06554,50,56.253751
-2.39969,50,56.499876
-3.216595,50,56.743745
-4.666965,50,56.985668
-3.870315,50,57.230635
-4.556268,50,57.475996
-2.857795,50,57.711421
-4.333143,50,57.948043
-2.382662,50,58.191817
-3.284596,50,58.432235
-5.904646,50,58.686402
-4.404826,50,58.929362
-2.874919,50,59.162495
-2.14931,50,59.402507
-1.608947,50,59.633031
-4.087552,50,59.873058
-2.738371,50,60.126415
-2.244116,50,60.375477
-3.338557,50,60.621851
-4.29682,50,60.871615
-2.219707,50,61.114775
-2.031374,50,61.35747
-3.201827,50,61.61447
-2.429083,50,61.870225
-5.430432,50,62.122875
-3.669015,50,62.366533
-2.794801,50,62.610047
-1.411902,50,62.860451
-5.585867,50,63.114877
-2.563318,50,63.358868
-2.453586,50,63.607276
-3.683636,50,63.85371
-2.603377,50,64.097893
-5.773888,50,64.351167
-1.589122,50,64.601789
-1.523651,50,64.849514
-3.361066,50,65.103035
-4.916817,50,65.357792
-3.258551,50,65.610046
-3.56609,50,66.540243
-4.288804,50,66.791466
-4.324083,50,67.040809
-2.526668,50,67.300132
-3.287827,50,67.562307
-3.931396,50,67.840657
-4.578155,50,68.107342
-2.893585,50,68.416542
-4.040495,50,68.720152
-1.611905,50,69.011746
-1.892604,50,69.349594
-2.159221,50,69.682961
-3.423811,50,69.935498
-1.832543,50,70.182614
-2.631865,50,70.436562
-2.844877,50,70.674983
-2.372477,50,70.974655
-1.565807,50,71.218354
-2.962981,50,71.477595
-3.057237,50,71.740469
-2.916639,50,72.005673
-2.885029,50,72.257675
-2.720918,50,72.513052
-2.502401,50,72.785645
-2.587164,50,73.022101
-2.508501,50,73.262346
-4.450488,50,73.502354
-2.396753,50,73.730414
-1.101586,50,73.957741
-1.568507,50,74.192015
-1.950164,50,74.4281
-3.068734,50,74.673289
-2.669545,50,74.916224
-4.546738,50,75.153335
-1.650012,50,75.438485
-3.260647,50,75.695824
-2.203607,50,75.927391
-1.348879,50,76.179083
-1.743778,50,76.414783
-3.07924,50,76.657634
-2.849796,50,76.886408
-2.093025,50,77.127751
-1.659463,50,77.363311
-1.26958,50,77.624387
-2.719145,50,77.865548
-2.897063,50,78.106356
-2.281094,50,78.340603
-2.612663,50,78.581152
-1.649341,50,78.818754
-3.066092,50,79.167691
-2.254149,50,80.066614
-3.050199,50,80.299697
-2.622967,50,80.525826
-3.944566,50,80.76939
-2.58443,50,81.011567
-2.59187,50,81.270558
-2.739588,50,81.557251
-1.618705,50,81.802072
-1.241182,50,82.046557
-3.671584,50,82.33432
-3.19949,50,82.577147
-1.688313,50,82.852898
-2.080093,50,83.11035
-1.9754,50,83.363293
-2.324879,50,83.611108
-2.025131,50,83.840757
-1.500501,50,84.064379
-2.142998,50,84.290298
-1.878617,50,84.513708
-2.939268,50,84.734409
-2.435154,50,84.972083
-4.391887,50,85.192837
-2.974256,50,85.445636
-2.386965,50,85.733094
-3.24734,50,86.002438
-2.751437,50,86.244795
-2.555636,50,86.492131
-2.116058,50,86.725472
-1.245145,50,86.953749
-2.14596,50,87.174605
-2.92665,50,87.398807
-2.990682,50,87.630331
-2.216834,50,87.870652
-1.603284,50,88.113098
-3.238578,50,88.417564
-2.17905,50,88.669732
-1.225686,50,88.912138
-3.684333,50,89.147788
-2.140184,50,89.38336
-1.97357,50,89.616099
-3.184874,50,89.862376
-2.037784,50,90.097395
-2.627152,50,90.342624
-3.412186,50,90.581747
-1.892342,50,90.806533
-2.403297,50,91.038729
-2.606362,50,91.259301
-2.93778,50,91.488667
-2.18677,50,91.703802
-1.471437,50,91.926668
-2.104487,50,92.821573
-2.250265,50,93.053668
-2.075652,50,93.293061
-1.648826,50,93.524487
-2.154978,50,93.765821
-2.859421,50,94.011962
-1.456155,50,94.25263
-2.316535,50,94.504621
-0.854378,50,94.762409
-1.236079,50,95.009537
-1.795988,50,95.251607
-2.8445,50,95.48712
-2.06895,50,95.72221
-2.908135,50,95.959248
-2.558201,50,96.200765
-1.642167,50,96.443465
-3.142298,50,96.687678
-4.314784,50,96.932228
-2.665749,50,97.175208
-2.602111,50,97.410133
-2.141182,50,97.649371
-3.338257,50,97.891907
-2.049769,50,98.130678
-1.919254,50,98.371825
-1.551442,50,98.610297
-2.055542,50,98.832414
-1.439382,50,99.055379
-1.759678,50,99.279582
-1.737334,50,99.494757
-2.764447,50,99.716578
-1.936236,50,99.949854
-1.564042,50,100.173683
-1.755535,50,100.385547
-1.817589,50,100.599399
-2.539134,50,100.811417
-2.438649,50,101.032757
-1.632653,50,101.249811
-2.203246,50,101.462422
-2.520485,50,101.685927
-3.949185,50,101.904685
-3.380959,50,102.130931
-1.839047,50,102.368497
-1.946187,50,102.611217
-1.765679,50,102.836341
-2.49524,50,103.055597
-2.400287,50,103.283688
-1.581546,50,103.508679
-1.818697,50,103.736279
-3.151176,50,103.970463
-3.166453,50,104.197103
-2.137378,50,105.085603
-2.695199,50,105.318369
-2.277907,50,105.558107
-1.007476,50,105.789624
-1.943802,50,106.02672
-2.542672,50,106.256695
-1.484316,50,106.489137
-1.620468,50,106.717259
-0.891541,50,106.9495
-2.281498,50,107.179818
-2.748672,50,107.414376
-3.585243,50,107.657585
-1.801335,50,107.898615
-2.134655,50,108.140859
-1.822314,50,108.384396
-1.975637,50,108.639828
-3.028428,50,108.892159
-1.626512,50,109.126408
-2.190016,50,109.362798
-2.241878,50,109.611169
-3.76425,50,109.864401
-1.168418,50,110.104436
-2.408201,50,110.33984
-2.097353,50,110.574763
-1.78488,50,110.821364
-2.07088,50,111.101346
-1.606768,50,111.363257
-2.005274,50,111.618779
-1.410621,50,111.859377
-1.990327,50,112.120533
-1.242071,50,112.360311
-1.861256,50,112.589605
-2.877413,50,112.817049
-2.129496,50,113.047124
-2.385242,50,113.280069
-1.509879,50,113.512223
-1.591229,50,113.741083
-2.063023,50,113.973379
-1.74425,50,114.202918
-1.991401,50,114.434764
-1.573719,50,114.680305
-1.840035,50,114.937762
-1.881204,50,115.205809
-2.067548,50,115.484807
-2.084442,50,115.740871
-1.960422,50,116.004784
-2.565447,50,116.25871
-3.176924,50,116.530339
-1.7947,50,116.785014
-2.591247,50,117.02935
-1.518286,50,118.003621
-2.620824,50,118.312122
-2.816198,50,118.587591
-2.334763,50,118.919167
-1.478465,50,119.174633
-1.949026,50,119.418907
-1.843203,50,119.67467
-1.712227,50,119.924927
-2.445931,50,120.190222
-1.263242,50,120.421167
-1.068943,50,120.669467
-1.167128,50,120.915936
-1.573,50,121.141117
-1.266536,50,121.378731
-2.010404,50,121.610283
-2.597773,50,121.837598
-2.453433,50,122.064563
-1.958004,50,122.306644
-2.506195,50,122.539619
-2.177419,50,122.771048
-2.209701,50,123.002435
-1.01697,50,123.270846
-1.660242,50,123.507632
-2.128554,50,123.737079
-2.852901,50,123.997638
-1.431258,50,124.235386
-2.054678,50,124.467411
-1.647806,50,124.697266
-2.933918,50,124.926384
-1.452857,50,125.181852
-2.109415,50,125.459165
-1.262125,50,125.693172
-1.973803,50,125.93991
-2.148623,50,126.193254
-1.01624,50,126.433329
-2.167989,50,126.653277
-1.809931,50,126.919807
-3.234008,50,127.165305
-1.627199,50,127.391411
-2.193032,50,127.616792
-1.724807,50,127.848754
-2.294379,50,128.074293
-2.016505,50,128.301816
-2.32141,50,128.529642
-2.217311,50,128.758941
-2.654973,50,129.018718
-1.556046,50,129.278649
-2.405967,50,129.515532
-1.430958,50,129.752957
-3.43896,50,129.999029
-1.737473,50,130.912544
-1.316822,50,131.222134
-1.313029,50,131.470821
-1.363619,50,131.74024
-2.890304,50,131.986316
-2.021345,50,132.283173
-1.487596,50,132.5688
-1.104239,50,132.845876
-2.024661,50,133.117724
-2.644514,50,133.383288
-1.822029,50,133.613279
-2.536567,50,133.862548
-1.781447,50,134.091318
-1.497417,50,134.324609
-1.654408,50,134.554521
-1.842377,50,134.793041
-2.628722,50,135.042827
-2.749547,50,135.313947
-1.948238,50,135.567493
-1.130683,50,135.81529
-0.959389,50,136.042923
-2.288132,50,136.268892
-4.519873,50,136.504755
-1.476326,50,136.746194
-2.091882,50,136.988088
-2.59219,50,137.224489
-2.263263,50,137.466524
-1.327854,50,137.708385
-1.89326,50,137.949952
-2.107673,50,138.185719
-1.188631,50,138.429508
-3.367517,50,138.672131
-2.529325,50,138.937226
-2.149383,50,139.179962
-1.407662,50,139.422817
-2.133366,50,139.659919
-1.453381,50,139.897341
-2.663895,50,140.135464
-1.579356,50,140.375692
-1.909434,50,140.619131
-1.850549,50,140.885578
-2.649302,50,141.153774
-1.296686,50,141.440642
-1.771756,50,141.706358
-1.523112,50,141.95271
-1.672048,50,142.199722
-1.522984,50,142.452084
-1.63105,50,142.693481
-1.648199,50,142.934298
-1.114154,50,143.185838
-1.582499,50,144.100908
-2.698363,50,144.351939
-1.364558,50,144.634609
-1.578963,50,144.906272
-2.399879,50,145.160095
-2.021964,50,145.409861
-1.656243,50,145.651257
-1.098565,50,145.89455
-2.489985,50,146.143412
-1.061133,50,146.384471
-1.276267,50,146.62978
-2.219673,50,146.857338
-1.816933,50,147.096585
-2.176381,50,147.343458
-2.919128,50,147.602723
-1.913967,50,147.868084
-1.476645,50,148.13314
-2.767576,50,148.408875
-1.98842,50,148.664611
-1.811686,50,148.945954
-1.444916,50,149.212885
-1.85883,50,149.475252
-2.082293,50,149.731963
-2.079238,50,149.986262
-1.243678,50,150.244724
-1.375957,50,150.492613
-1.934433,50,150.744339
-1.846213,50,151.001872
-1.347497,50,151.258572
-1.940524,50,151.529491
-1.402943,50,151.771199
-1.925158,50,152.012438
-2.371071,50,152.24757
-1.646035,50,152.490798
-1.738932,50,152.736036
-1.690582,50,152.99006
-1.949762,50,153.229734
-2.015472,50,153.482408
-0.899206,50,153.728497
-1.758607,50,153.966668
-1.092696,50,154.246689
-1.819698,50,154.496428
-1.504617,50,154.748974
-2.115506,50,154.995351
-1.692895,50,155.237456
-1.549291,50,155.494323
-1.618963,50,155.741765
-2.40412,50,156.002344
-2.413616,50,156.247533
-2.306917,50,156.495778
-2.441511,50,157.403177
-1.45116,50,157.664568
-1.241818,50,157.924363
-2.653412,50,158.190487
-1.249572,50,158.458432
-1.704528,50,158.719488
-1.89508,50,158.98768
-1.479059,50,159.253149
-1.142008,50,159.511402
-1.73081,50,159.78005
-1.625398,50,160.045547
-1.269056,50,160.305836
-1.839839,50,160.570408
-1.554414,50,160.84063
-1.461492,50,161.100274
-1.440654,50,161.358882
-2.127163,50,161.621874
-0.985885,50,161.883347
-2.718125,50,162.149081
-1.828548,50,162.402644
-2.529571,50,162.665211
-1.039685,50,162.918111
-1.872472,50,163.179331
-1.364003,50,163.433737
-1.173819,50,163.695522
-0.897691,50,163.949319
-0.900069,50,164.203377
-1.336657,50,164.462471
-1.576114,50,164.718609
-1.574895,50,164.97306
-1.692863,50,165.233926
-2.272101,50,165.489098
-1.563082,50,165.748843
-1.500001,50,166.004332
-1.023922,50,166.26573
-1.683964,50,166.519299
-2.819142,50,166.776415
-0.776257,50,167.02579
-1.48259,50,167.282973
-2.007841,50,167.547035
-1.166658,50,167.798627
-1.179519,50,168.05183
-1.106204,50,168.30016
-1.605627,50,168.577031
-3.949785,50,168.836118
-2.049434,50,169.095677
-1.431356,50,169.348942
-1.672335,50,169.609797
-1.314565,50,169.881089
-1.520046,50,170.141896
-1.976956,50,171.085023
-1.064705,50,171.349128
-0.931209,50,171.615678
-2.762734,50,171.876636
-1.303534,50,172.124645
-2.15567,50,172.385665
-2.871583,50,172.644358
-1.232981,50,172.900379
-2.135803,50,173.154495
-1.792887,50,173.428934
-1.955259,50,173.688149
-1.484217,50,173.935506
-1.670723,50,174.172701
-0.991656,50,174.421296
-1.124096,50,174.682661
-0.980297,50,174.9322
-1.446339,50,175.184771
-1.071329,50,175.44553
-1.019496,50,175.702523
-1.945722,50,175.961575
-2.092478,50,176.200564
-1.708751,50,176.440524
-1.500483,50,176.674838
-1.647447,50,176.921615
-1.290335,50,177.156709
-1.593682,50,177.399582
-0.92235,50,177.669306
-1.216746,50,177.924395
-1.694104,50,178.192056
-2.117757,50,178.476433
-1.442777,50,178.743564
-1.531582,50,179.002393
-1.650971,50,179.254457
-1.125581,50,179.511591
-1.335453,50,179.770323
-1.73962,50,180.0302
-1.430468,50,180.284404
-1.452541,50,180.543149
-1.259682,50,180.809403
-0.987408,50,181.060821
-1.224933,50,181.314985
-1.518956,50,181.567623
-1.070199,50,181.832905
-1.157396,50,182.072092
-2.284683,50,182.318132
-1.342071,50,182.5565
-2.300592,50,182.797415
-1.555381,50,183.03886
-1.242708,50,183.280124
-1.217578,50,183.519108
-1.364159,50,184.491751
-1.440214,50,184.761156
-1.65948,50,185.045103
-1.931212,50,185.345364
-1.101893,50,185.640833
-0.916155,50,185.925572
-1.5325,50,186.176616
-2.131295,50,186.421284
-2.789782,50,186.655963
-1.270985,50,186.895796
-1.222616,50,187.12964
-1.324227,50,187.382612
-1.081644,50,187.638067
-2.494388,50,187.882257
-1.334312,50,188.124167
-0.511103,50,188.373602
-1.002163,50,188.632755
-1.89386,50,188.896456
-2.283969,50,189.163793
-1.303227,50,189.445678
-1.295942,50,189.73854
-1.671231,50,189.99859
-1.592608,50,190.257588
-1.316433,50,190.523068
-0.969417,50,190.800783
-1.013046,50,191.060367
-1.932053,50,191.353421
-1.235593,50,191.608345
-1.406448,50,191.888044
-1.342501,50,192.149937
-1.731029,50,192.390826
-0.99354,50,192.632991
-1.31386,50,192.875104
-1.270175,50,193.122809
-1.648254,50,193.366653
-2.035639,50,193.60465
-2.739663,50,193.843508
-1.325782,50,194.090638
-1.602232,50,194.33777
-1.508274,50,194.600608
-1.751196,50,194.861032
-1.718962,50,195.136769
-1.322371,50,195.392858
-0.995559,50,195.627585
-1.38648,50,195.867905
-2.005114,50,196.11292
-1.486408,50,196.35996
-1.819495,50,196.600862
-1.888299,50,196.838507
-1.248256,50,197.076189
-1.244834,50,197.972286
-1.351781,50,198.231938
-1.387188,50,198.485668
-1.434115,50,198.735825
-1.554253,50,198.997095
-1.758514,50,199.251637
-1.805181,50,199.500606
-1.426403,50,199.749941
-1.790868,50,200.017408
-0.826734,50,200.274365
-1.506403,50,200.524327
-1.583834,50,200.777436
-1.874579,50,201.037737
-1.275285,50,201.294611
-1.880646,50,201.542438
-1.442597,50,201.813175
-1.854329,50,202.074411
-1.550438,50,202.31473
-1.180071,50,202.555981
-1.97436,50,202.803018
-2.095495,50,203.050573
-1.356106,50,203.28879
-1.336038,50,203.530127
-2.149483,50,203.762124
-1.288195,50,204.007704
-1.33395,50,204.267761
-1.333563,50,204.525645
-0.973269,50,204.77093
-0.69715,50,205.017557
-1.70593,50,205.263312
-1.838742,50,205.499453
-2.551213,50,205.738719
-1.409565,50,205.976006
-1.68011,50,206.224536
-1.531415,50,206.467783
-2.316096,50,206.711042
-1.85794,50,206.938628
-1.499554,50,207.179003
-1.95931,50,207.421073
-1.452081,50,207.668945
-1.139446,50,207.91879
-1.106725,50,208.175381
-1.367279,50,208.432618
-0.871999,50,208.694571
-1.60399,50,208.942895
-1.69946,50,209.205717
-1.450751,50,209.45862
-1.742281,50,209.720158
-1.821435,50,209.972653
-1.229091,50,210.226768
-1.854594,50,211.163175
-1.201076,50,211.417361
-1.135459,50,211.669303
-0.876865,50,211.931543
-1.961379,50,212.211359
-0.584837,50,212.469664
-1.299385,50,212.735402
-0.784403,50,212.97448
-1.695665,50,213.223406
-1.33394,50,213.470981
-1.362304,50,213.708094
-1.63128,50,213.943154
-2.044304,50,214.191004
-2.130984,50,214.437083
-0.874046,50,214.675668
-2.200227,50,214.916451
-2.14715,50,215.161459
-0.985997,50,215.401246
-1.617753,50,215.639096
-1.823032,50,215.9247
-1.76313,50,216.195894
-1.961064,50,216.438873
-1.636253,50,216.676101
-1.094985,50,216.910354
-1.80848,50,217.147053
-1.408488,50,217.396309
-0.902337,50,217.637821
-1.580016,50,217.875339
-1.892732,50,218.111587
-1.900191,50,218.360448
-1.423074,50,218.59635
-1.24125,50,218.853704
-1.734684,50,219.111742
-1.447513,50,219.378986
-1.318536,50,219.643692
-1.757074,50,219.90865
-1.822044,50,220.17056
-1.424642,50,220.440383
-0.867296,50,220.699541
-1.81571,50,220.952176
-1.200742,50,221.208382
-0.888284,50,221.45734
-1.87345,50,221.712814
-1.690155,50,221.98088
-1.510301,50,222.251516
-1.572931,50,222.489303
-1.428836,50,222.72595
-1.402835,50,222.972336
-1.395862,50,223.224993
-2.01955,50,223.465786
-1.517247,50,224.355296
-1.548677,50,224.608285
-1.201878,50,224.86239
-1.595839,50,225.123248
-2.06952,50,225.377685
-1.47763,50,225.6203
-1.494871,50,225.857389
-1.637851,50,226.09257
-1.178419,50,226.336483
-1.891015,50,226.574809
-1.966928,50,226.82034
-1.375467,50,227.060593
-1.259666,50,227.30366
-1.101055,50,227.535773
-1.129252,50,227.779468
-2.046168,50,228.063107
-1.222026,50,228.337501
-1.14395,50,228.601512
-1.559945,50,228.862805
-0.985058,50,229.135146
-1.479541,50,229.40468
-1.178931,50,229.653117
-1.10182,50,229.919409
-1.161581,50,230.185414
-1.042291,50,230.447617
-1.041769,50,230.704291
-0.947777,50,230.960045
-0.974644,50,231.218652
-1.099138,50,231.476262
-1.595859,50,231.734662
-2.136131,50,232.026053
-0.980756,50,232.333106
-1.29482,50,232.624295
-2.133804,50,232.880371
-1.095133,50,233.123444
-1.470109,50,233.377485
-1.274338,50,233.622993
-1.018668,50,233.863489
-1.878337,50,234.10515
-1.374541,50,234.355351
-1.408372,50,234.596605
-1.555565,50,234.841917
-1.190975,50,235.093538
-1.072024,50,235.347893
-1.095817,50,235.59322
-1.240642,50,235.859809
-1.719707,50,236.102982
-1.514368,50,236.372991
-1.401627,50,236.640967
-1.195651,50,236.880602
-2.007488,50,237.771901
-1.43588,50,238.002278
-1.049254,50,238.237531
-1.031425,50,238.478429
-1.766113,50,238.714267
-1.017005,50,238.950873
-1.473314,50,239.193258
-1.685896,50,239.450715
-1.97299,50,239.712153
-2.339493,50,239.975088
-1.321631,50,240.230319
-1.175288,50,240.49212
-1.683024,50,240.748264
-1.410282,50,241.000577
-1.247565,50,241.252213
-1.535707,50,241.51546
-1.189637,50,241.773613
-1.675713,50,242.038866
-1.038242,50,242.312966
-1.280985,50,242.594701
-1.765672,50,242.859363
-2.277659,50,243.100664
-2.682509,50,243.340794
-1.284967,50,243.584364
-2.29025,50,243.831925
-2.02807,50,244.081743
-2.987373,50,244.324492
-1.198988,50,244.571581
-0.762703,50,244.816396
-1.345079,50,245.065429
-1.312662,50,245.333158
-1.089651,50,245.584328
-1.29081,50,245.827741
-0.848011,50,246.072141
-1.413032,50,246.314609
-1.453358,50,246.558674
-1.283669,50,246.802606
-1.53394,50,247.04332
-1.272541,50,247.280661
-1.951138,50,247.517838
-1.379036,50,247.751946
-2.26959,50,247.994755
-1.439186,50,248.230579
-1.244072,50,248.492992
-1.7851,50,248.755595
-1.118701,50,249.010643
-1.283497,50,249.269055
-1.280294,50,249.523686
-1.559406,50,249.790977
-1.991019,50,250.044878
-1.191119,50,250.968308
-2.132837,50,251.231972
-1.346682,50,251.496402
-1.22909,50,251.753569
-1.39203,50,252.012554
-1.77832,50,252.272304
-1.481559,50,252.548622
-1.722914,50,252.808558
-1.68024,50,253.062647
-1.269841,50,253.305282
-0.886737,50,253.547542
-1.93891,50,253.786606
-1.327056,50,254.042165
-1.07367,50,254.295689
-1.230325,50,254.564723
-1.647987,50,254.824594
-1.677724,50,255.081173
-1.530269,50,255.321582
-1.25689,50,255.575279
-2.49966,50,255.820267
-0.930648,50,256.09552
-1.998253,50,256.38023
-1.419108,50,256.671266
-1.298353,50,256.956744
-1.494461,50,257.20667
-1.696734,50,257.451897
-1.09207,50,257.68677
-1.618328,50,257.924248
-1.9341,50,258.172047
-1.28793,50,258.40887
-1.630187,50,258.657117
-1.642601,50,258.895476
-1.121848,50,259.13431
-0.872953,50,259.37773
-1.697495,50,259.624245
-1.305955,50,259.879841
-1.261584,50,260.135451
-1.762752,50,260.391336
-1.086973,50,260.656712
-1.441946,50,260.94
-1.437942,50,261.220491
-0.925369,50,261.486759
-1.339795,50,261.749687
-1.151107,50,262.004734
-1.572897,50,262.263624
-1.169907,50,262.54652
-1.55122,50,262.806385
-1.095645,50,263.046221
-4.132153,50,263.3129
-2.693611,50,263.571367
-2.401263,50,264.462467
-0.958906,50,264.712908
-1.145657,50,264.962432
-1.692337,50,265.214618
-1.162266,50,265.469589
-1.171251,50,265.719576
-0.518922,50,265.967422
-1.887344,50,266.220641
-1.118502,50,266.486647
-1.668718,50,266.738357
-2.784519,50,267.00114
-1.574108,50,267.263021
-1.340437,50,267.49971
-1.167557,50,267.73768
-1.165602,50,267.971273
-1.092346,50,268.202097
-1.352719,50,268.437644
-1.49203,50,268.677881
-1.309919,50,268.912983
-1.039369,50,269.156628
-1.217436,50,269.420568
-1.60139,50,269.681405
-1.315701,50,269.939311
-1.183531,50,270.190674
-1.677278,50,270.446465
-1.397087,50,270.70705
-1.379058,50,270.959615
-1.854119,50,271.21077
-1.433134,50,271.460876
-1.187756,50,271.72368
-1.690253,50,271.979569
-1.152102,50,272.232567
-2.317315,50,272.504726
-1.269551,50,272.778764
-1.29689,50,273.019521
-1.225789,50,273.257065
-1.762568,50,273.502105
-1.19895,50,273.749628
-1.422488,50,273.987412
-1.689608,50,274.230611
-1.2643,50,274.469569
-1.651675,50,274.719569
-1.571515,50,274.959101
-1.372975,50,275.208072
-1.263982,50,275.482789
-1.164582,50,275.740672
-1.191919,50,275.980331
-1.954044,50,276.221429
-0.973121,50,276.459137
-1.09394,50,276.712288
-1.127213,50,277.591412
-1.135691,50,277.837549
-1.089326,50,278.076005
-1.271726,50,278.327541
-1.438879,50,278.583306
-1.543088,50,278.850652
-1.011559,50,279.111228
-1.183366,50,279.382172
-2.124295,50,279.643541
-1.358484,50,279.898731
-1.192905,50,280.152323
-1.709252,50,280.431557
-0.984616,50,280.699498
-1.27053,50,280.952543
-0.939486,50,281.22636
-1.099885,50,281.506323
-2.198448,50,281.788703
-1.934906,50,282.048417
-1.232441,50,282.31829
-1.183431,50,282.58764
-0.825522,50,282.852902
-1.330907,50,283.090033
-1.581966,50,283.329272
-1.217245,50,283.567437
-1.777604,50,283.813054
-1.487678,50,284.062162
-1.172259,50,284.30029
-2.619585,50,284.541582
-1.146768,50,284.794324
-0.96282,50,285.038472
-0.956622,50,285.304786
-2.086206,50,285.590858
-1.078381,50,285.860748
-1.432386,50,286.111597
-2.127425,50,286.355391
-1.153524,50,286.615102
-1.162797,50,286.887508
-1.488204,50,287.152231
-1.602881,50,287.42043
-1.233422,50,287.655891
-0.911199,50,287.903418
-1.445715,50,288.138472
-0.946769,50,288.387354
-1.708934,50,288.644714
-1.31754,50,288.89831
-1.188206,50,289.148669
-1.036996,50,289.401814
-1.105756,50,289.656698
-2.003089,50,289.917686
-1.726956,50,290.177449
-0.977776,50,291.14
-2.284925,50,291.407368
-1.969198,50,291.677536
-2.385522,50,291.949841
-1.20147,50,292.21657
-2.381228,50,292.487242
-2.195957,50,292.777726
-0.947009,50,293.03771
-1.535156,50,293.292968
-1.668235,50,293.54155
-1.396552,50,293.800567
-1.901292,50,294.04137
-1.069867,50,294.28792
-1.938852,50,294.532224
-0.790518,50,294.782303
-1.205032,50,295.026412
-0.762383,50,295.267279
-1.028358,50,295.523532
-1.141244,50,295.782578
-1.939844,50,296.035469
-1.043413,50,296.301558
-0.931429,50,296.569045
-1.014905,50,296.838389
-1.538736,50,297.094632
-1.481228,50,297.342942
-0.932764,50,297.595663
-1.421014,50,297.849811
-0.792952,50,298.089747
-1.256547,50,298.354311
-0.991633,50,298.616363
-1.190015,50,298.902644
-1.619493,50,299.177711
-0.650059,50,299.469195
-1.068586,50,299.747662
-1.094548,50,300.021403
-2.44168,50,300.287527
-0.877264,50,300.568764
-1.756376,50,300.848742
-1.619017,50,301.124256
-0.626625,50,301.394634
-1.562994,50,301.681921
-1.472491,50,301.966778
-1.518502,50,302.248612
-2.070087,50,302.541103
-1.12179,50,302.830665
-1.479726,50,303.122422
-1.343847,50,303.382927
-1.152265,50,303.627247
-1.350968,50,303.867236
-1.398188,50,304.103368
-1.151825,50,305.039577
-1.566096,50,305.282667
-1.318082,50,305.529112
-1.558323,50,305.774709
-0.977255,50,306.033041
-0.842601,50,306.272962
-0.927974,50,306.513317
-1.213811,50,306.754534
-0.760389,50,307.001688
-1.00059,50,307.241517
-1.621806,50,307.486103
-1.179312,50,307.722987
-1.029387,50,307.957554
-0.942419,50,308.194396
-1.071444,50,308.449857
-1.075822,50,308.699595
-1.32359,50,308.95305
-1.298144,50,309.201768
-1.693511,50,309.455197
-0.795244,50,309.720694
-1.161362,50,309.990793
-1.693053,50,310.238484
-1.381821,50,310.495816
-0.780452,50,310.752794
-0.851779,50,311.02154
-1.438324,50,311.273292
-1.412347,50,311.52298
-0.993644,50,311.78341
-1.017434,50,312.037596
-1.942949,50,312.30056
-1.201798,50,312.554749
-0.911166,50,312.816442
-1.026103,50,313.083039
-1.681511,50,313.333071
-1.247277,50,313.577252
-1.277566,50,313.824766
-2.651909,50,314.106492
-1.590063,50,314.354638
-1.19789,50,314.600827
-1.352471,50,314.846322
-2.143209,50,315.10438
-2.065699,50,315.353158
-0.906985,50,315.596639
-1.289435,50,315.849313
-1.436618,50,316.099349
-1.313837,50,316.340851
-0.708422,50,316.588003
-1.234888,50,316.850886
-0.949053,50,317.099689
-1.239108,50,317.342071
-1.632167,50,318.233822
-2.351267,50,318.473127
-1.477625,50,318.7097
-1.51317,50,318.950864
-0.734133,50,319.185729
-1.369159,50,319.427654
-1.333901,50,319.674362
-1.350474,50,319.928646
-1.463762,50,320.18131
-0.945568,50,320.437668
-1.573976,50,320.695707
-2.092125,50,320.947801
-0.629121,50,321.214447
-0.984795,50,321.466611
-3.257085,50,321.718568
-1.133459,50,321.975765
-1.14257,50,322.237312
-1.253145,50,322.494385
-2.493824,50,322.757721
-1.2616,50,323.021775
-1.276845,50,323.293713
-1.06568,50,323.542031
-1.334058,50,323.78062
-1.549821,50,324.028115
-2.409101,50,324.280667
-1.023402,50,324.547375
-1.736924,50,324.787741
-1.05471,50,325.035794
-1.244567,50,325.28497
-1.171282,50,325.535472
-1.609545,50,325.784703
-1.113333,50,326.037721
-1.167906,50,326.286648
-1.298578,50,326.533082
-1.183643,50,326.777378
-1.009957,50,327.050346
-1.910734,50,327.302989
-1.909944,50,327.547394
-1.328303,50,327.779657
-1.300073,50,328.025496
-1.578331,50,328.266821
-1.052876,50,328.502735
-1.107235,50,328.733049
-1.02086,50,328.983705
-1.134577,50,329.230929
-1.771779,50,329.484691
-1.659808,50,329.717083
-1.978832,50,329.967312
-1.078058,50,330.225894
-1.187247,50,330.484436
-1.036744,50,331.422643
-1.711867,50,331.675333
-1.06071,50,331.925861
-1.381742,50,332.188598
-2.13255,50,332.4529
-1.204048,50,332.704355
-1.287204,50,332.961835
-1.032083,50,333.249745
-0.998849,50,333.499704
-0.961774,50,333.734515
-1.45526,50,333.978524
-0.980922,50,334.224298
-1.898964,50,334.470236
-1.979774,50,334.726141
-1.499194,50,334.973167
-0.850668,50,335.237056
-1.006793,50,335.482091
-1.103362,50,335.730796
-1.580284,50,335.992362
-0.852529,50,336.236621
-1.298566,50,336.481676
-1.285781,50,336.728528
-1.203494,50,336.973006
-0.969306,50,337.237904
-1.168342,50,337.488631
-1.991809,50,337.732922
-1.415562,50,337.983055
-1.172263,50,338.22651
-1.535034,50,338.467677
-1.145527,50,338.709347
-0.96111,50,338.947176
-1.152593,50,339.185565
-1.169792,50,339.439011
-1.238611,50,339.691174
-0.942932,50,339.939537
-1.013472,50,340.201679
-0.784809,50,340.462597
-0.81648,50,340.721246
-1.354131,50,340.970911
-1.155105,50,341.233065
-1.203645,50,341.49566
-0.895192,50,341.743984
-1.678585,50,342.005009
-1.516956,50,342.265721
-1.262021,50,342.533494
-1.129366,50,342.804302
-0.817844,50,343.073022
-1.230613,50,343.362719
-0.693995,50,343.620041
-0.831564,50,343.874261
-1.123369,50,344.81827
-1.235605,50,345.088665
-1.216591,50,345.346743
-1.079566,50,345.595947
-1.201442,50,345.850058
-1.361234,50,346.109324
-1.897196,50,346.366454
-0.913131,50,346.618598
-1.500819,50,346.861236
-1.492523,50,347.098329
-1.36919,50,347.335583
-1.647113,50,347.573199
-1.503008,50,347.838015
-1.08195,50,348.174613
-1.180944,50,348.407428
-1.831705,50,348.639589
-1.437349,50,348.880759
-0.961164,50,349.122822
-1.521129,50,349.361562
-0.669881,50,349.601153
-1.151634,50,349.852932
-0.994956,50,350.131724
-1.600137,50,350.391923
-0.991719,50,350.658658
-0.82639,50,350.913582
-1.032211,50,351.171866
-1.312871,50,351.43223
-1.020262,50,351.681408
-1.348156,50,351.933216
-1.336901,50,352.1884
-1.026291,50,352.454238
-1.486844,50,352.710057
-0.899207,50,352.967268
-1.108153,50,353.22037
-1.168939,50,353.498359
-1.223024,50,353.743163
-0.92507,50,353.98465
-0.856345,50,354.226398
-1.639622,50,354.472882
-0.924235,50,354.721113
-1.472115,50,354.96062
-1.331387,50,355.202362
-0.924564,50,355.455322
-1.356974,50,355.703302
-1.133232,50,355.956346
-1.107275,50,356.225025
-1.132482,50,356.499508
-0.73925,50,356.755387
-1.445841,50,357.000474
-1.377682,50,357.236336
-0.860754,50,358.149049
-1.794764,50,358.387775
-1.404648,50,358.63152
-0.971947,50,358.873632
-1.300565,50,359.111767
-1.088314,50,359.36817
-1.044656,50,359.622515
-1.371203,50,359.876837
-1.108445,50,360.121594
-1.181944,50,360.382905
-1.275105,50,360.631837
-1.519607,50,360.889634
-1.820286,50,361.135421
-1.123389,50,361.412112
-1.08084,50,361.668804
-1.211244,50,361.936139
-1.26572,50,362.189448
-1.14365,50,362.462204
-0.929175,50,362.722389
-0.729154,50,362.978624
-1.661446,50,363.241563
-1.016286,50,363.505618
-1.549922,50,363.770509
-1.411814,50,364.018724
-1.018391,50,364.268701
-1.573242,50,364.521429
-1.462617,50,364.7731
-1.224303,50,365.027959
-1.170371,50,365.264606
-1.268791,50,365.517459
-0.936575,50,365.788859
-1.650943,50,366.031635
-1.580481,50,366.283663
-1.034043,50,366.550371
-1.172658,50,366.789863
-1.274853,50,367.04558
-1.138559,50,367.306616
-1.304714,50,367.561143
-1.336031,50,367.807259
-1.441305,50,368.058956
-1.235401,50,368.310673
-0.539674,50,368.572546
-0.919475,50,368.808263
-1.729998,50,369.058697
-0.924123,50,369.297547
-1.009935,50,369.538643
-3.086043,50,369.781063
-1.454759,50,370.037532
-1.831788,50,370.298505
-1.448376,50,370.560532
-1.317519,50,371.522479
-1.472222,50,371.788582
-0.863623,50,372.050257
-1.158123,50,372.322046
-0.812789,50,372.592261
-1.862704,50,372.935354
-2.068769,50,373.201406
-1.332172,50,373.492347
-1.642567,50,373.738667
-1.673497,50,373.993599
-1.664519,50,374.240578
-1.1854,50,374.541372
-0.801432,50,374.848592
-1.145525,50,375.090116
-1.142167,50,375.308342
-0.776331,50,375.545558
-1.193722,50,375.773605
-0.833499,50,376.001565
-0.948347,50,376.274564
-0.949382,50,376.521754
-1.229779,50,376.746207
-1.270867,50,376.970992
-1.302458,50,377.203098
-1.449075,50,377.447423
-1.213945,50,377.682731
-1.398264,50,377.909585
-1.894185,50,378.138155
-1.04907,50,378.362874
-1.191471,50,378.588859
-1.354477,50,378.814228
-0.985281,50,379.035845
-0.97066,50,379.271654
-1.343,50,379.515714
-1.700023,50,379.763685
-1.341182,50,380.006729
-1.56734,50,380.255621
-1.097553,50,380.505394
-0.943893,50,380.75225
-1.057403,50,381.007219
-0.954717,50,381.263074
-1.011898,50,381.514558
-0.776462,50,381.79428
-0.776778,50,382.065813
-0.977231,50,382.29559
-0.828924,50,382.550154
-1.518818,50,382.830081
-1.125859,50,383.087624
-1.293604,50,383.329215
-1.151542,50,383.608187
-1.645867,50,383.861504
-1.514108,50,384.735461
-1.709829,50,384.995947
-1.173905,50,385.234976
-0.698371,50,385.482021
-1.079529,50,385.740493
-0.926821,50,385.99579
-0.799656,50,386.240279
-1.339843,50,386.495697
-1.555145,50,386.745082
-1.552129,50,387.005887
-0.737458,50,387.246778
-0.971289,50,387.481737
-0.770024,50,387.711877
-2.237398,50,387.950453
-1.952597,50,388.1816
-1.532221,50,388.433407
-1.07809,50,388.687078
-2.285527,50,388.953102
-2.166794,50,389.229014
-1.636567,50,389.491371
-1.177507,50,389.740231
-1.560988,50,389.986547
-1.872158,50,390.23668
-0.992107,50,390.484626
-1.743524,50,390.730417
-1.248414,50,390.983436
-2.021962,50,391.243216
-0.953957,50,391.505058
-1.488584,50,391.753335
-0.991203,50,392.024528
-1.092871,50,392.272855
-1.195026,50,392.500079
-1.022671,50,392.733346
-1.965556,50,392.971189
-1.34422,50,393.200645
-1.470958,50,393.453544
-1.272182,50,393.682795
-2.00695,50,393.92124
-1.810924,50,394.149337
-1.179599,50,394.394231
-1.09559,50,394.632749
-1.489312,50,394.89626
-1.082934,50,395.145192
-0.883428,50,395.399722
-1.559273,50,395.649022
-1.286332,50,395.897838
-0.949321,50,396.147702
-1.254581,50,396.401434
-1.092629,50,396.645158
-1.10659,50,396.871973
-1.387687,50,397.748113
-1.299666,50,397.997791
-1.402814,50,398.24319
-1.277167,50,398.493102
-1.13302,50,398.76667
-1.303102,50,399.011529
-0.867823,50,399.260025
-1.362812,50,399.505702
-1.519202,50,399.749832
-1.540942,50,400.005409
-1.746335,50,400.248614
-1.126763,50,400.490393
-0.725318,50,400.731823
-1.319718,50,400.984562
-1.34432,50,401.234218
-1.037237,50,401.466707
-0.697772,50,401.703614
-0.92746,50,401.933229
-1.161018,50,402.159666
-0.981495,50,402.391401
-1.648192,50,402.647818
-1.332795,50,402.89423
-1.278154,50,403.135302
-1.365176,50,403.401657
-0.935042,50,403.630979
-1.980313,50,403.860229
-1.312251,50,404.088557
-1.25574,50,404.315581
-1.037246,50,404.544285
-1.065557,50,404.787448
-1.026301,50,405.029165
-1.796096,50,405.2885
-0.94951,50,405.528613
-1.518425,50,405.771125
-1.213915,50,406.008488
-1.671449,50,406.240485
-1.044218,50,406.471606
-1.016681,50,406.714662
-1.514409,50,406.968488
-1.64986,50,407.213074
-1.347356,50,407.449944
-0.864032,50,407.681221
-1.195016,50,407.930517
-0.738067,50,408.181785
-1.03454,50,408.417331
-1.138505,50,408.654603
-1.257403,50,408.906339
-0.794811,50,409.164667
-1.00575,50,409.405355
-1.123802,50,409.642039
-1.448549,50,410.539188
-1.33769,50,410.779582
-1.266329,50,411.033648
-0.601843,50,411.276428
-1.046205,50,411.52508
-1.122795,50,411.777073
-1.312637,50,412.02273
-1.069204,50,412.274387
-1.368522,50,412.522686
-1.692407,50,412.774364
-1.274142,50,413.026624
-1.605733,50,413.279099
-1.880155,50,413.530161
-1.03574,50,413.775006
-0.828294,50,414.02439
-0.980809,50,414.262392
-0.805278,50,414.512943
-1.346108,50,414.792154
-1.029985,50,415.041585
-1.012954,50,415.289558
-0.989664,50,415.578417
-1.374759,50,415.811303
-1.189536,50,416.044685
-1.748073,50,416.281907
-1.183207,50,416.513649
-1.825822,50,416.749778
-1.351088,50,416.992064
-0.813408,50,417.24247
-0.835041,50,417.48441
-1.102956,50,417.721025
-1.125898,50,417.974217
-0.925654,50,418.229798
-1.018703,50,418.479609
-1.260789,50,418.734411
-2.027579,50,418.990993
-1.426023,50,419.226728
-1.630166,50,419.471957
-0.766313,50,419.711108
-1.004141,50,419.947635
-0.942217,50,420.183075
-0.922371,50,420.419575
-1.392471,50,420.65326
-1.361164,50,420.88905
-0.961831,50,421.139572
-1.606087,50,421.388007
-1.165432,50,421.623349
-0.735598,50,421.858629
-0.989157,50,422.093135
-1.599746,50,422.333142
-1.440194,50,422.573118
-1.795307,50,423.443591
-1.193671,50,423.683488
-1.249394,50,423.922453
-1.851192,50,424.187678
-0.979543,50,424.435022
-2.219449,50,424.706589
-1.018562,50,424.969767
-0.883729,50,425.228707
-1.179507,50,425.472753
-1.475835,50,425.704652
-1.073521,50,425.932861
-1.213711,50,426.175889
-1.993419,50,426.409325
-1.14306,50,426.667312
-1.598701,50,426.965984
-1.526215,50,427.314337
-1.965149,50,427.54259
-1.647725,50,427.771377
-1.128328,50,427.981447
-0.955751,50,428.231388
-0.942895,50,428.498037
-1.504161,50,428.76303
-0.98291,50,429.011933
-1.169305,50,429.229023
-0.905772,50,429.447839
-1.242612,50,429.698659
-1.121579,50,429.923243
-1.341511,50,430.150235
-1.334575,50,430.361705
-1.826256,50,430.58948
-1.849165,50,430.806411
-1.461254,50,431.045609
-1.108791,50,431.284183
-0.769215,50,431.51828
-0.978825,50,431.764552
-1.181217,50,432.00876
-1.559274,50,432.254934
-1.401959,50,432.509964
-2.014586,50,432.731292
-1.461588,50,432.960999
-1.193548,50,433.20658
-0.792757,50,433.461273
-1.09454,50,433.715759
-0.925218,50,433.95854
-1.065,50,434.215698
-1.219223,50,434.466933
-2.071348,50,434.711809
-1.99796,50,434.967164
-2.127988,50,435.219902
-1.044506,50,435.475425
-1.626246,50,436.38879
-0.84456,50,436.637219
-1.332218,50,436.89565
-0.849573,50,437.138649
-0.892961,50,437.395296
-1.047657,50,437.6414
-1.226074,50,437.878682
-1.53404,50,438.121345
-0.920127,50,438.370594
-0.950496,50,438.622649
-1.135468,50,438.869104
-1.216967,50,439.118487
-1.136271,50,439.373111
-1.564319,50,439.619852
-0.891988,50,439.871097
-1.262337,50,440.116797
-1.641367,50,440.371643
-1.737013,50,440.630667
-0.828124,50,440.877339
-0.815935,50,441.124516
-1.097002,50,441.383653
-0.964348,50,441.642916
-1.440476,50,441.903523
-1.899016,50,442.150572
-1.378092,50,442.39305
-1.128236,50,442.641659
-0.72056,50,442.888758
-1.048015,50,443.128574
-1.338571,50,443.367424
-1.119577,50,443.618453
-0.959378,50,443.867707
-1.031054,50,444.127015
-1.277398,50,444.371268
-1.495795,50,444.619961
-1.769062,50,444.871221
-1.607516,50,445.121564
-0.832742,50,445.393198
-1.315097,50,445.646383
-1.504594,50,445.90303
-1.668893,50,446.161214
-0.932502,50,446.419214
-1.184287,50,446.673511
-1.553055,50,446.934213
-1.290148,50,447.181239
-1.139867,50,447.429678
-1.521419,50,447.690352
-1.936597,50,447.945681
-1.025321,50,448.201185
-1.03712,50,448.459701
-1.200938,50,448.717035
-1.898546,50,449.612882
-1.126053,50,449.859747
-1.40179,50,450.10628
-1.694356,50,450.35183
-1.478946,50,450.602514
-0.892108,50,450.854441
-1.318603,50,451.105552
-0.91701,50,451.342512
-1.039309,50,451.592942
-1.405316,50,451.839895
-0.821859,50,452.090092
-1.114816,50,452.325498
-1.191796,50,452.572393
-1.189599,50,452.825785
-1.249099,50,453.075149
-0.981929,50,453.32528
-0.759749,50,453.571608
-1.412921,50,453.817623
-1.433869,50,454.071443
-1.100483,50,454.308219
-1.338816,50,454.547553
-0.989766,50,454.787416
-1.196805,50,455.028578
-1.020293,50,455.265716
-1.288859,50,455.520319
-0.843593,50,455.782219
-1.076263,50,456.044167
-0.983087,50,456.303108
-0.899571,50,456.557672
-1.105182,50,456.802749
-1.214724,50,457.051854
-1.416359,50,457.296478
-1.140934,50,457.555666
-1.042161,50,457.829689
-1.259674,50,458.102357
-0.698231,50,458.339485
-0.939642,50,458.589678
-0.795844,50,458.831286
-0.710411,50,459.080426
-1.284448,50,459.323448
-2.284677,50,459.579604
-1.110312,50,459.826857
-1.194185,50,460.077189
-0.936905,50,460.3258
-1.170642,50,460.561787
-1.297039,50,460.816671
-1.07325,50,461.067134
-1.670764,50,461.311642
-2.101747,50,461.561088
-1.327408,50,461.800797
-1.369864,50,462.682425
-1.743035,50,462.929028
-1.279585,50,463.209944
-0.826682,50,463.457204
-0.778842,50,463.728454
-1.065665,50,463.998429
-1.101301,50,464.264272
-1.371248,50,464.525723
-0.911916,50,464.791165
-0.530617,50,465.020639
-1.472319,50,465.295995
-1.097039,50,465.552739
-1.172934,50,465.795
-2.131741,50,466.027621
-1.292625,50,466.262883
-1.292733,50,466.490563
-0.9748,50,466.720848
-0.996595,50,466.965659
-0.896819,50,467.215996
-0.862682,50,467.464619
-0.752499,50,467.712257
-1.160059,50,467.950712
-1.172087,50,468.196448
-1.195533,50,468.430427
-0.687849,50,468.694216
-0.958111,50,468.937715
-1.630933,50,469.192401
-1.544439,50,469.451504
-1.323835,50,469.708139
-0.864167,50,469.966068
-1.336786,50,470.211956
-0.954865,50,470.439778
-0.797739,50,470.672222
-1.002607,50,470.916971
-0.886937,50,471.15732
-0.986287,50,471.38463
-1.221283,50,471.636407
-0.866089,50,471.864166
-1.145946,50,472.117474
-1.000314,50,472.350096
-0.931373,50,472.57764
-0.895872,50,472.806107
-1.716819,50,473.04441
-0.974465,50,473.294405
-1.309667,50,473.557482
-1.639108,50,473.820498
-0.702075,50,474.072684
-1.556406,50,474.31798
-1.16272,50,474.555301
-1.295749,50,474.789404
-1.032891,50,475.712306
-0.607954,50,475.971347
-0.974195,50,476.232342
-1.280001,50,476.472542
-0.926228,50,476.710061
-1.07484,50,476.952715
-1.414401,50,477.215263
-1.066067,50,477.458586
-1.00644,50,477.70302
-1.613597,50,477.954571
-0.867456,50,478.216386
-1.277712,50,478.453302
-1.152386,50,478.69518
-1.160412,50,478.930616
-1.573186,50,479.170579
-1.39905,50,479.408319
-1.283638,50,479.642295
-0.838891,50,479.884667
-1.289606,50,480.13279
-1.154514,50,480.387598
-1.712424,50,480.632631
-1.192593,50,480.882146
-1.044149,50,481.123051
-0.969487,50,481.365729
-0.707963,50,481.606543
-0.702562,50,481.83987
-1.032703,50,482.080642
-1.610225,50,482.341046
-1.100054,50,482.575104
-1.552594,50,482.804221
-1.125745,50,483.050614
-0.985151,50,483.295295
-1.220573,50,483.549756
-1.229719,50,483.800478
-1.110818,50,484.046705
-1.197188,50,484.299549
-2.219333,50,484.537727
-1.305144,50,484.770986
-1.340479,50,485.005405
-0.775215,50,485.241105
-0.892265,50,485.486577
-0.869161,50,485.740536
-0.921434,50,485.999841
-0.790719,50,486.247453
-0.992004,50,486.504344
-1.508509,50,486.7444
-0.923036,50,486.980265
-1.290229,50,487.220512
-1.004438,50,487.470101
-1.206796,50,487.722192
-1.126304,50,488.611119
-1.452748,50,488.871661
-1.196457,50,489.144225
-1.292508,50,489.421525
-0.916368,50,489.650197
-1.034192,50,489.87543
-0.984128,50,490.101622
-0.964234,50,490.342771
-0.904249,50,490.584339
-0.99111,50,490.845394
-1.212897,50,491.113035
-0.759629,50,491.373722
-1.163121,50,491.606187
-1.055181,50,491.834679
-1.734917,50,492.092776
-0.776633,50,492.342565
-1.20262,50,492.597586
-2.19114,50,492.852491
-1.063342,50,493.104501
-1.53856,50,493.351977
-1.061628,50,493.600327
-0.906372,50,493.847457
-0.820345,50,494.094277
-1.513673,50,494.341238
-0.863037,50,494.582671
-0.942726,50,494.829089
-1.051175,50,495.075986
-1.096042,50,495.340548
-1.321782,50,495.592709
-1.305488,50,495.824246
-0.896017,50,496.057375
-1.214741,50,496.289122
-0.872463,50,496.52063
-1.092032,50,496.756838
-1.070552,50,496.997247
-0.966069,50,497.248058
-0.992375,50,497.492115
-0.975829,50,497.739283
-1.47703,50,497.993548
-0.690944,50,498.248878
-1.411152,50,498.499444
-2.370384,50,498.761065
-3.254513,50,499.02758
-1.40587,50,499.29636
-1.199657,50,499.572989
-0.940397,50,499.831552
-1.50453,50,500.066527
-0.986368,50,500.302302
-1.195222,50,500.534153
-0.683569,50,500.767645
-1.272423,50,501.671509
-0.577715,50,501.930437
-1.449763,50,502.174147
-1.376541,50,502.419471
-1.849659,50,502.67098
-0.726063,50,502.912635
-1.187061,50,503.163112
-1.633085,50,503.405074
-1.005346,50,503.642831
-0.934369,50,503.875706
-0.73134,50,504.102134
-0.973595,50,504.332308
-2.15888,50,504.575562
-1.930145,50,504.815404
-1.068858,50,505.059659
-0.828757,50,505.307287
-1.91073,50,505.557981
-1.416231,50,505.807817
-1.298354,50,506.037591
-1.140312,50,506.289264
-1.516855,50,506.546695
-1.390053,50,506.797926
-0.785603,50,507.045617
-0.999441,50,507.298391
-2.132109,50,507.56454
-1.906237,50,507.822167
-0.835311,50,508.074411
-0.903039,50,508.324234
-1.274568,50,508.582903
-1.895338,50,508.828049
-0.967204,50,509.088209
-0.91745,50,509.343535
-0.88366,50,509.605316
-1.057198,50,509.857687
-1.329124,50,510.107939
-1.233445,50,510.358176
-1.855648,50,510.607432
-1.167362,50,510.861677
-1.406565,50,511.118966
-1.980501,50,511.380625
-1.137571,50,511.641401
-1.506241,50,511.905519
-0.752554,50,512.167645
-1.004322,50,512.417365
-0.988196,50,512.668242
-1.195742,50,512.936051
-0.912469,50,513.215163
-1.249421,50,513.468554
-1.241531,50,513.73876
-1.466012,50,513.982651
-0.643887,50,514.855781
-0.795358,50,515.089742
-1.948867,50,515.346536
-1.112561,50,515.598344
-0.923257,50,515.854152
-1.244091,50,516.089666
-1.116845,50,516.326306
-0.937549,50,516.560288
-1.403899,50,516.795576
-1.452532,50,517.030067
-0.906851,50,517.269227
-0.943374,50,517.503629
-1.058156,50,517.734985
-0.849865,50,517.96765
-0.837427,50,518.198971
-1.594475,50,518.442142
-0.961686,50,518.700468
-1.048029,50,518.956687
-1.356771,50,519.215719
-1.195346,50,519.474216
-1.248752,50,519.742135
-0.905633,50,520.010184
-1.4451,50,520.262739
-1.361037,50,520.519494
-1.008175,50,520.763278
-0.971393,50,521.008054
-0.729432,50,521.258093
-1.36089,50,521.508833
-1.081739,50,521.751685
-1.021582,50,522.009043
-1.703678,50,522.258256
-0.884603,50,522.507361
-1.480146,50,522.7467
-0.882019,50,522.991216
-1.132766,50,523.278612
-1.275675,50,523.551162
-1.466995,50,523.778649
-2.265114,50,524.035095
-0.973254,50,524.30313
-0.917532,50,524.529543
-1.124377,50,524.762601
-0.835323,50,524.99041
-0.990192,50,525.215233
-1.063522,50,525.455857
-0.630832,50,525.692047
-1.114713,50,525.931865
-0.963115,50,526.163579
-0.775825,50,526.412816
-0.700445,50,526.646577
-1.227071,50,526.888048
