#{"t_start": 1769008149.4490001, "env_id": "FetchReach-v4"}
r,l,t
-50.0,50,1.064984
-50.0,50,1.108724
-44.0,50,1.483832
-50.0,50,1.710073
-50.0,50,1.944252
-50.0,50,2.170233
-50.0,50,2.395102
-50.0,50,2.603949
-46.0,50,2.827464
-50.0,50,3.062619
-50.0,50,3.289815
-50.0,50,3.530683
-50.0,50,3.746796
-50.0,50,3.972118
-50.0,50,4.192778
-50.0,50,4.42415
-50.0,50,4.645972
-50.0,50,4.876275
-50.0,50,5.107346
-50.0,50,5.325473
-50.0,50,5.536697
-50.0,50,5.749211
-50.0,50,5.978851
-50.0,50,6.206273
-50.0,50,6.434776
-50.0,50,6.645594
-46.0,50,6.86774
-50.0,50,7.096836
-50.0,50,7.328533
-50.0,50,7.558575
-50.0,50,7.789313
-50.0,50,8.038822
-50.0,50,8.293803
-46.0,50,8.534646
-50.0,50,8.757344
-50.0,50,8.977396
-50.0,50,9.199896
-50.0,50,9.433014
-50.0,50,9.677301
-50.0,50,9.910196
-50.0,50,10.134963
-50.0,50,10.367364
-50.0,50,10.61771
-50.0,50,10.863628
-50.0,50,11.116789
-50.0,50,11.375283
-50.0,50,11.626059
-50.0,50,11.883999
-50.0,50,12.140167
-50.0,50,12.39739
-50.0,50,13.365591
-50.0,50,13.629233
-50.0,50,13.892871
-50.0,50,14.156577
-50.0,50,14.417798
-50.0,50,14.664894
-50.0,50,14.898499
-50.0,50,15.130959
-50.0,50,15.400426
-50.0,50,15.649017
-50.0,50,15.879061
-50.0,50,16.109773
-50.0,50,16.34348
-50.0,50,16.594558
-50.0,50,16.863307
-49.0,50,17.123792
-50.0,50,17.375314
-50.0,50,17.623015
-50.0,50,17.876381
-50.0,50,18.203316
-50.0,50,18.470952
-50.0,50,18.708913
-50.0,50,18.990518
-50.0,50,19.265517
-50.0,50,19.571403
-49.0,50,19.81981
-50.0,50,20.084811
-50.0,50,20.394472
-50.0,50,20.66858
-50.0,50,20.919381
-50.0,50,21.206317
-48.0,50,21.450067
-50.0,50,21.72855
-50.0,50,21.94802
-50.0,50,22.181878
-50.0,50,22.406447
-50.0,50,22.629752
-50.0,50,22.871822
-50.0,50,23.114856
-50.0,50,23.359763
-50.0,50,23.598827
-50.0,50,23.870194
-50.0,50,24.150071
-50.0,50,24.397925
-50.0,50,24.647484
-50.0,50,24.890391
-50.0,50,25.141886
-50.0,50,25.390887
-50.0,50,25.668923
-50.0,50,25.951145
-47.0,50,26.892634
-50.0,50,27.134059
-50.0,50,27.364596
-46.0,50,27.599946
-50.0,50,27.840831
-50.0,50,28.085519
-50.0,50,28.356189
-50.0,50,28.602685
-50.0,50,28.921743
-50.0,50,29.193017
-50.0,50,29.447576
-50.0,50,29.692846
-50.0,50,29.939662
-50.0,50,30.194615
-50.0,50,30.445944
-49.0,50,30.692861
-50.0,50,30.944885
-50.0,50,31.211957
-49.0,50,31.458704
-50.0,50,31.718473
-50.0,50,31.960882
-50.0,50,32.207263
-46.0,50,32.443182
-50.0,50,32.682308
-48.0,50,32.918427
-50.0,50,33.165387
-50.0,50,33.41896
-50.0,50,33.674726
-47.0,50,33.925398
-50.0,50,34.176332
-50.0,50,34.436372
-50.0,50,34.687144
-50.0,50,34.927222
-50.0,50,35.16791
-50.0,50,35.414523
-50.0,50,35.662009
-50.0,50,35.934071
-50.0,50,36.195855
-50.0,50,36.462823
-50.0,50,36.725621
-50.0,50,36.973433
-50.0,50,37.205009
-47.0,50,37.433471
-46.0,50,37.717499
-50.0,50,37.949614
-50.0,50,38.17738
-50.0,50,38.408717
-50.0,50,38.634326
-50.0,50,38.860023
-50.0,50,39.087462
-50.0,50,40.026318
-50.0,50,40.262213
-50.0,50,40.497566
-50.0,50,40.739792
-50.0,50,40.981028
-50.0,50,41.230507
-50.0,50,41.476958
-50.0,50,41.757195
-50.0,50,42.016316
-46.0,50,42.268786
-50.0,50,42.588982
-50.0,50,42.919586
-47.0,50,43.192301
-50.0,50,43.445748
-50.0,50,43.687232
-50.0,50,43.925137
-50.0,50,44.153082
-50.0,50,44.398769
-48.0,50,44.637479
-50.0,50,44.86301
-50.0,50,45.138953
-50.0,50,45.411089
-50.0,50,45.659756
-50.0,50,45.922005
-46.0,50,46.179791
-48.0,50,46.504924
-50.0,50,46.800867
-50.0,50,47.042824
-50.0,50,47.272831
-50.0,50,47.501854
-50.0,50,47.74554
-50.0,50,47.967418
-50.0,50,48.196189
-50.0,50,48.466058
-50.0,50,48.726839
-50.0,50,48.982517
-50.0,50,49.202662
-50.0,50,49.42645
-50.0,50,49.64384
-50.0,50,49.861078
-50.0,50,50.0808
-50.0,50,50.299641
-50.0,50,50.536634
-48.0,50,50.754241
-50.0,50,50.981639
-50.0,50,51.208621
-50.0,50,51.437886
-50.0,50,51.664183
-50.0,50,51.947938
-50.0,50,52.200956
-50.0,50,53.059985
-49.0,50,53.283882
-50.0,50,53.516436
-50.0,50,53.735701
-50.0,50,53.972942
-50.0,50,54.201419
-50.0,50,54.456026
-45.0,50,54.759304
-50.0,50,54.988516
-50.0,50,55.203477
-50.0,50,55.428525
-50.0,50,55.651848
-50.0,50,55.876779
-50.0,50,56.100932
-50.0,50,56.322484
-50.0,50,56.566882
-50.0,50,56.816883
-50.0,50,57.042804
-50.0,50,57.265219
-50.0,50,57.514936
-50.0,50,57.772208
-50.0,50,58.054826
-50.0,50,58.282996
-50.0,50,58.510588
-50.0,50,58.76546
-50.0,50,59.020473
-50.0,50,59.25211
-50.0,50,59.504854
-50.0,50,59.718788
-50.0,50,59.943587
-50.0,50,60.184281
-50.0,50,60.439479
-47.0,50,60.726501
-50.0,50,60.980904
-50.0,50,61.224431
-50.0,50,61.472973
-50.0,50,61.690126
-50.0,50,61.914352
-50.0,50,62.148981
-50.0,50,62.426301
-50.0,50,62.68413
-50.0,50,62.919546
-50.0,50,63.15885
-50.0,50,63.39568
-50.0,50,63.64213
-50.0,50,63.894192
-50.0,50,64.156243
-50.0,50,64.384977
-50.0,50,64.621226
-50.0,50,64.834671
-50.0,50,65.69347
-50.0,50,65.906794
-50.0,50,66.141958
-50.0,50,66.369618
-50.0,50,66.594273
-50.0,50,66.885272
-50.0,50,67.168857
-50.0,50,67.390697
-50.0,50,67.612543
-50.0,50,67.827111
-50.0,50,68.056796
-50.0,50,68.282927
-50.0,50,68.516163
-50.0,50,68.748511
-50.0,50,68.99605
-50.0,50,69.232757
-50.0,50,69.465672
-50.0,50,69.734829
-50.0,50,70.032851
-50.0,50,70.296363
-50.0,50,70.528518
-48.0,50,70.74055
-50.0,50,70.960181
-50.0,50,71.175365
-50.0,50,71.391283
-50.0,50,71.625289
-50.0,50,71.881856
-50.0,50,72.137078
-50.0,50,72.373128
-50.0,50,72.620539
-50.0,50,72.898549
-50.0,50,73.137106
-50.0,50,73.367115
-50.0,50,73.612582
-50.0,50,73.838839
-50.0,50,74.051787
-50.0,50,74.27057
-50.0,50,74.483762
-50.0,50,74.715942
-50.0,50,74.929572
-50.0,50,75.1895
-50.0,50,75.41854
-48.0,50,75.645996
-50.0,50,75.860561
-50.0,50,76.078933
-50.0,50,76.293627
-50.0,50,76.50507
-50.0,50,76.739778
-50.0,50,76.951737
-50.0,50,77.17696
-50.0,50,78.059984
-50.0,50,78.36522
-50.0,50,78.583786
-50.0,50,78.826207
-50.0,50,79.074538
-50.0,50,79.302531
-50.0,50,79.555211
-50.0,50,79.819791
-50.0,50,80.096666
-50.0,50,80.3699
-50.0,50,80.597003
-50.0,50,80.834561
-50.0,50,81.061252
-50.0,50,81.290555
-50.0,50,81.514982
-50.0,50,81.755699
-50.0,50,81.989265
-50.0,50,82.22903
-50.0,50,82.459677
-50.0,50,82.692759
-50.0,50,82.983732
-50.0,50,83.241811
-50.0,50,83.472429
-50.0,50,83.701504
-50.0,50,83.929736
-50.0,50,84.213056
-50.0,50,84.478905
-50.0,50,84.72054
-50.0,50,84.941419
-50.0,50,85.189912
-50.0,50,85.410267
-50.0,50,85.6373
-50.0,50,85.872493
-50.0,50,86.093378
-50.0,50,86.322625
-50.0,50,86.550465
-50.0,50,86.782755
-50.0,50,87.008513
-50.0,50,87.242189
-50.0,50,87.476099
-50.0,50,87.723888
-50.0,50,87.957688
-50.0,50,88.215729
-50.0,50,88.462293
-50.0,50,88.759891
-50.0,50,89.031778
-50.0,50,89.291627
-50.0,50,89.547259
-50.0,50,89.805465
-50.0,50,90.077051
-50.0,50,91.099466
-50.0,50,91.33576
-50.0,50,91.567033
-50.0,50,91.850286
-50.0,50,92.091944
-50.0,50,92.345284
-50.0,50,92.563898
-50.0,50,92.794384
-50.0,50,93.017167
-50.0,50,93.234579
-50.0,50,93.446
-50.0,50,93.658854
-50.0,50,93.88545
-50.0,50,94.101722
-50.0,50,94.37401
-50.0,50,94.593226
-50.0,50,94.807616
-50.0,50,95.026431
-50.0,50,95.246987
-50.0,50,95.462942
-50.0,50,95.680943
-50.0,50,95.90853
-50.0,50,96.132898
-50.0,50,96.354761
-50.0,50,96.603964
-50.0,50,96.837866
-50.0,50,97.140323
-50.0,50,97.363137
-50.0,50,97.582813
-39.0,50,97.797561
-50.0,50,98.018765
-49.0,50,98.237385
-50.0,50,98.469753
-50.0,50,98.697176
-50.0,50,98.929738
-44.0,50,99.157131
-50.0,50,99.382717
-50.0,50,99.606226
-50.0,50,99.828936
-50.0,50,100.054592
-50.0,50,100.2875
-48.0,50,100.513204
-50.0,50,100.743592
-50.0,50,100.977297
-50.0,50,101.22194
-50.0,50,101.561495
-50.0,50,101.845071
-50.0,50,102.074867
-50.0,50,102.30426
-50.0,50,102.538461
-50.0,50,103.369592
-50.0,50,103.600053
-50.0,50,103.839729
-50.0,50,104.075027
-50.0,50,104.337661
-50.0,50,104.669926
-50.0,50,104.925513
-50.0,50,105.173177
-50.0,50,105.420585
-50.0,50,105.643862
-48.0,50,105.877195
-50.0,50,106.108492
-50.0,50,106.325522
-50.0,50,106.559978
-50.0,50,106.817495
-50.0,50,107.064334
-50.0,50,107.292247
-44.0,50,107.58863
-50.0,50,107.848527
-50.0,50,108.059836
-50.0,50,108.305734
-50.0,50,108.553864
-50.0,50,108.797702
-50.0,50,109.077132
-50.0,50,109.296863
-50.0,50,109.532852
-50.0,50,109.746554
-50.0,50,109.970431
-50.0,50,110.193815
-50.0,50,110.407228
-50.0,50,110.647691
-50.0,50,110.870557
-50.0,50,111.140049
-50.0,50,111.40602
-47.0,50,111.641361
-50.0,50,111.866475
-50.0,50,112.103718
-50.0,50,112.321898
-48.0,50,112.541985
-50.0,50,112.760099
-50.0,50,112.989677
-39.0,50,113.210709
-50.0,50,113.436652
-50.0,50,113.665196
-50.0,50,113.892614
-50.0,50,114.188987
-50.0,50,114.427683
-50.0,50,114.661325
-50.0,50,114.903456
-50.0,50,115.159039
-50.0,50,116.107418
-50.0,50,116.361801
-50.0,50,116.607352
-50.0,50,116.855895
-48.0,50,117.089502
-50.0,50,117.323019
-50.0,50,117.556139
-47.0,50,117.809704
-50.0,50,118.042495
-50.0,50,118.285253
-48.0,50,118.523647
-50.0,50,118.775068
-50.0,50,119.039537
-50.0,50,119.308479
-49.0,50,119.566664
-50.0,50,119.830638
-50.0,50,120.072757
-50.0,50,120.309422
-50.0,50,120.549551
-50.0,50,120.793564
-50.0,50,121.054222
-50.0,50,121.321717
-48.0,50,121.590472
-50.0,50,121.847083
-50.0,50,122.082477
-50.0,50,122.333659
-50.0,50,122.586428
-50.0,50,122.827073
-50.0,50,123.074344
-49.0,50,123.327009
-50.0,50,123.575661
-50.0,50,123.827088
-50.0,50,124.075846
-50.0,50,124.326777
-50.0,50,124.593763
-50.0,50,124.85335
-50.0,50,125.096335
-50.0,50,125.341868
-50.0,50,125.599899
-50.0,50,125.928835
-48.0,50,126.189752
-50.0,50,126.405068
-50.0,50,126.638513
-50.0,50,126.893468
-50.0,50,127.156308
-50.0,50,127.371881
-50.0,50,127.588488
-50.0,50,127.836009
-50.0,50,128.062881
-50.0,50,128.292876
-50.0,50,129.2442
-50.0,50,129.498707
-50.0,50,129.748612
-50.0,50,129.999519
-50.0,50,130.26273
-50.0,50,130.489144
-50.0,50,130.71133
-50.0,50,130.948559
-50.0,50,131.210042
-50.0,50,131.470565
-46.0,50,131.732842
-50.0,50,132.059982
-50.0,50,132.31027
-50.0,50,132.557519
-47.0,50,132.804322
-50.0,50,133.054929
-50.0,50,133.305774
-50.0,50,133.5499
-50.0,50,133.794739
-50.0,50,134.045361
-50.0,50,134.299724
-50.0,50,134.554918
-50.0,50,134.807926
-50.0,50,135.063763
-50.0,50,135.31739
-50.0,50,135.574093
-50.0,50,135.833575
-50.0,50,136.080385
-50.0,50,136.312794
-50.0,50,136.547259
-50.0,50,136.779684
-50.0,50,137.013666
-50.0,50,137.254796
-49.0,50,137.489924
-50.0,50,137.725966
-50.0,50,137.955052
-45.0,50,138.194104
-50.0,50,138.484391
-50.0,50,138.851632
-46.0,50,139.134026
-50.0,50,139.37992
-50.0,50,139.659476
-50.0,50,139.895044
-50.0,50,140.134128
-50.0,50,140.396375
-50.0,50,140.630858
-50.0,50,140.90298
-50.0,50,141.173716
-50.0,50,141.51414
-50.0,50,141.763514
-50.0,50,142.750163
-50.0,50,142.991849
-50.0,50,143.242607
-50.0,50,143.509865
-50.0,50,143.77578
-45.0,50,144.016972
-50.0,50,144.288488
-48.0,50,144.548567
-50.0,50,144.824575
-50.0,50,145.09641
-50.0,50,145.35568
-50.0,50,145.592872
-50.0,50,145.826222
-50.0,50,146.039776
-50.0,50,146.270453
-50.0,50,146.501434
-50.0,50,146.719975
-50.0,50,146.939948
-50.0,50,147.165304
-50.0,50,147.397377
-50.0,50,147.625768
-49.0,50,147.85721
-50.0,50,148.089713
-50.0,50,148.325379
-50.0,50,148.584754
-50.0,50,148.835692
-50.0,50,149.094217
-50.0,50,149.350617
-50.0,50,149.59635
-50.0,50,149.8319
-50.0,50,150.068525
-50.0,50,150.305335
-50.0,50,150.545646
-50.0,50,150.785829
-50.0,50,151.025355
-50.0,50,151.263889
-50.0,50,151.522933
-50.0,50,151.779952
-50.0,50,152.038812
-48.0,50,152.297394
-50.0,50,152.552813
-50.0,50,152.809085
-50.0,50,153.086431
-50.0,50,153.352922
-50.0,50,153.643815
-49.0,50,153.907288
-50.0,50,154.166312
-50.0,50,154.415573
-50.0,50,154.66477
-50.0,50,154.909882
-50.0,50,155.830581
-50.0,50,156.077219
-50.0,50,156.322086
-50.0,50,156.566388
-50.0,50,156.808864
-50.0,50,157.061799
-50.0,50,157.331745
-50.0,50,157.597001
-50.0,50,157.865654
-50.0,50,158.128531
-50.0,50,158.386999
-50.0,50,158.645778
-50.0,50,158.897352
-50.0,50,159.148723
-50.0,50,159.413585
-50.0,50,159.677533
-50.0,50,159.941692
-50.0,50,160.209286
-50.0,50,160.470505
-50.0,50,160.732874
-50.0,50,160.999938
-50.0,50,161.264931
-50.0,50,161.531433
-50.0,50,161.788758
-50.0,50,162.038663
-50.0,50,162.285788
-50.0,50,162.531808
-50.0,50,162.773223
-50.0,50,163.013699
-50.0,50,163.25628
-49.0,50,163.496336
-50.0,50,163.739925
-50.0,50,163.986105
-50.0,50,164.229775
-50.0,50,164.469949
-50.0,50,164.724687
-50.0,50,164.964262
-50.0,50,165.208474
-50.0,50,165.452754
-50.0,50,165.711127
-50.0,50,165.979116
-50.0,50,166.364031
-50.0,50,166.67196
-50.0,50,166.900097
-50.0,50,167.125263
-50.0,50,167.362682
-50.0,50,167.590641
-50.0,50,167.821727
-50.0,50,168.043947
-50.0,50,168.268533
-50.0,50,169.31607
-50.0,50,169.555941
-50.0,50,169.794295
-50.0,50,170.026077
-50.0,50,170.258878
-50.0,50,170.504766
-50.0,50,170.745688
-50.0,50,170.996229
-50.0,50,171.236794
-50.0,50,171.479661
-50.0,50,171.735879
-50.0,50,171.988055
-50.0,50,172.352865
-47.0,50,172.614935
-50.0,50,172.846451
-50.0,50,173.112392
-50.0,50,173.374655
-50.0,50,173.650367
-50.0,50,173.906075
-50.0,50,174.125131
-50.0,50,174.369647
-50.0,50,174.667714
-50.0,50,174.967387
-50.0,50,175.207779
-49.0,50,175.435858
-50.0,50,175.680558
-50.0,50,175.902435
-49.0,50,176.160492
-50.0,50,176.41883
-48.0,50,176.692803
-50.0,50,176.919038
-50.0,50,177.141504
-50.0,50,177.367327
-50.0,50,177.617021
-50.0,50,177.847115
-50.0,50,178.091548
-50.0,50,178.316864
-50.0,50,178.557196
-50.0,50,178.79598
-50.0,50,179.033736
-50.0,50,179.27722
-50.0,50,179.50989
-50.0,50,179.778662
-50.0,50,180.026066
-50.0,50,180.259858
-50.0,50,180.493897
-50.0,50,180.72989
-50.0,50,180.967809
-50.0,50,181.205645
-50.0,50,181.443572
-50.0,50,182.436319
-50.0,50,182.689865
-50.0,50,182.940883
-50.0,50,183.189591
-50.0,50,183.438674
-50.0,50,183.68734
-50.0,50,183.931948
-50.0,50,184.185106
-50.0,50,184.426424
-50.0,50,184.66679
-50.0,50,184.91122
-50.0,50,185.150668
-50.0,50,185.394169
-50.0,50,185.640865
-50.0,50,185.896884
-50.0,50,186.177803
-50.0,50,186.517278
-50.0,50,186.788946
-50.0,50,187.024444
-50.0,50,187.257843
-50.0,50,187.474255
-50.0,50,187.706141
-50.0,50,187.937186
-50.0,50,188.169669
-50.0,50,188.396795
-50.0,50,188.679034
-50.0,50,188.936057
-50.0,50,189.247882
-50.0,50,189.544407
-50.0,50,189.765827
-50.0,50,189.995175
-50.0,50,190.217244
-50.0,50,190.439601
-50.0,50,190.681819
-50.0,50,190.91285
-50.0,50,191.140565
-50.0,50,191.389961
-48.0,50,191.615615
-50.0,50,191.863943
-50.0,50,192.164243
-50.0,50,192.403786
-47.0,50,192.640686
-50.0,50,192.881783
-50.0,50,193.109469
-50.0,50,193.344034
-50.0,50,193.584795
-50.0,50,193.822906
-50.0,50,194.065393
-50.0,50,194.301552
-50.0,50,194.557738
-50.0,50,195.545611
-50.0,50,195.791166
-50.0,50,196.042168
-50.0,50,196.283944
-50.0,50,196.531863
-50.0,50,196.776905
-50.0,50,197.026994
-50.0,50,197.282036
-50.0,50,197.529806
-50.0,50,197.780328
-50.0,50,198.041942
-50.0,50,198.291616
-50.0,50,198.536288
-50.0,50,198.776405
-50.0,50,199.032269
-50.0,50,199.29451
-50.0,50,199.553489
-50.0,50,199.816735
-50.0,50,200.076154
-50.0,50,200.330595
-50.0,50,200.595742
-50.0,50,200.865198
-50.0,50,201.124538
-50.0,50,201.385912
-50.0,50,201.635746
-50.0,50,201.901892
-50.0,50,202.159559
-50.0,50,202.415502
-47.0,50,202.662866
-50.0,50,202.906742
-50.0,50,203.169291
-50.0,50,203.436099
-50.0,50,203.691448
-50.0,50,203.942037
-50.0,50,204.188806
-50.0,50,204.444215
-47.0,50,204.689731
-50.0,50,204.93292
-50.0,50,205.183496
-50.0,50,205.454348
-50.0,50,205.697586
-48.0,50,205.957471
-50.0,50,206.200006
-50.0,50,206.439068
-50.0,50,206.691707
-50.0,50,206.944382
-50.0,50,207.215576
-50.0,50,207.480044
-50.0,50,207.749911
-50.0,50,208.006096
-50.0,50,209.045666
-47.0,50,209.311545
-50.0,50,209.615893
-50.0,50,209.857197
-50.0,50,210.125484
-50.0,50,210.391902
-50.0,50,210.658796
-50.0,50,210.923725
-50.0,50,211.192445
-50.0,50,211.45709
-50.0,50,211.736572
-50.0,50,211.992182
-50.0,50,212.284437
-50.0,50,212.531509
-50.0,50,212.794195
-50.0,50,213.059976
-50.0,50,213.301195
-50.0,50,213.549983
-50.0,50,213.814116
-50.0,50,214.060796
-50.0,50,214.306227
-50.0,50,214.583811
-50.0,50,214.826871
-50.0,50,215.082827
-50.0,50,215.326635
-50.0,50,215.578772
-48.0,50,215.8336
-50.0,50,216.081672
-50.0,50,216.345424
-50.0,50,216.597658
-50.0,50,216.852744
-50.0,50,217.108693
-50.0,50,217.364355
-50.0,50,217.617132
-50.0,50,217.875491
-50.0,50,218.126521
-50.0,50,218.390401
-50.0,50,218.669596
-50.0,50,218.952204
-50.0,50,219.225581
-50.0,50,219.488841
-50.0,50,219.752349
-50.0,50,220.009883
-50.0,50,220.269601
-50.0,50,220.534194
-50.0,50,220.791439
-50.0,50,221.037214
-50.0,50,221.294528
-50.0,50,221.549649
-50.0,50,221.820029
-50.0,50,222.898715
-50.0,50,223.150676
-50.0,50,223.4036
-50.0,50,223.647334
-50.0,50,223.912065
-50.0,50,224.151354
-50.0,50,224.39983
-50.0,50,224.657151
-50.0,50,224.923853
-50.0,50,225.176267
-50.0,50,225.429691
-50.0,50,225.684721
-50.0,50,225.95582
-50.0,50,226.236271
-50.0,50,226.508408
-50.0,50,226.757176
-47.0,50,227.005499
-50.0,50,227.268917
-50.0,50,227.534202
-48.0,50,227.804895
-50.0,50,228.071587
-50.0,50,228.339974
-50.0,50,228.592176
-50.0,50,228.838671
-50.0,50,229.089576
-50.0,50,229.328599
-50.0,50,229.598469
-50.0,50,229.856969
-50.0,50,230.131791
-50.0,50,230.384383
-50.0,50,230.64331
-46.0,50,230.917821
-50.0,50,231.212689
-50.0,50,231.481909
-50.0,50,231.752763
-50.0,50,232.01003
-50.0,50,232.270265
-46.0,50,232.5319
-50.0,50,232.788814
-50.0,50,233.046558
-50.0,50,233.306293
-50.0,50,233.592992
-50.0,50,233.849579
-50.0,50,234.109722
-49.0,50,234.370706
-48.0,50,234.634988
-50.0,50,234.898432
-50.0,50,235.16129
-50.0,50,235.415233
-50.0,50,235.680878
-47.0,50,236.695882
-50.0,50,236.945145
-46.0,50,237.209726
-49.0,50,237.473965
-49.0,50,237.721744
-49.0,50,237.984756
-50.0,50,238.246068
-48.0,50,238.502066
-50.0,50,238.756829
-50.0,50,239.003365
-50.0,50,239.255622
-50.0,50,239.51849
-50.0,50,239.765448
-45.0,50,240.023857
-50.0,50,240.276947
-50.0,50,240.536987
-50.0,50,240.783922
-50.0,50,241.027317
-45.0,50,241.263766
-50.0,50,241.494828
-50.0,50,241.742889
-50.0,50,241.984554
-50.0,50,242.217171
-50.0,50,242.484989
-41.0,50,242.82181
-50.0,50,243.175664
-50.0,50,243.414902
-50.0,50,243.670615
-48.0,50,243.919949
-50.0,50,244.183704
-50.0,50,244.433019
-50.0,50,244.700038
-50.0,50,244.950621
-32.0,50,245.201721
-50.0,50,245.4909
-50.0,50,245.804851
-50.0,50,246.148738
-50.0,50,246.42211
-50.0,50,246.69661
-50.0,50,246.969545
-50.0,50,247.297505
-49.0,50,247.571673
-41.0,50,247.96787
-50.0,50,248.319773
-50.0,50,248.584651
-46.0,50,248.834655
-50.0,50,249.080414
-50.0,50,249.312507
-50.0,50,249.56998
-50.0,50,249.822176
-50.0,50,250.637389
-50.0,50,250.863647
-49.0,50,251.115726
-50.0,50,251.35287
-50.0,50,251.585069
-50.0,50,251.841825
-50.0,50,252.082657
-50.0,50,252.318428
-50.0,50,252.549506
-50.0,50,252.787295
-50.0,50,253.03859
-50.0,50,253.297436
-50.0,50,253.562486
-50.0,50,253.832709
-50.0,50,254.072505
-50.0,50,254.360057
-50.0,50,254.642926
-50.0,50,254.870492
-50.0,50,255.104834
-50.0,50,255.326905
-50.0,50,255.563233
-50.0,50,255.809982
-50.0,50,256.107148
-50.0,50,256.355678
-50.0,50,256.5767
-50.0,50,256.80541
-47.0,50,257.101907
-50.0,50,257.375383
-50.0,50,257.596686
-50.0,50,257.817141
-50.0,50,258.029814
-50.0,50,258.245609
-50.0,50,258.46031
-50.0,50,258.693894
-50.0,50,258.926094
-50.0,50,259.159503
-50.0,50,259.402239
-50.0,50,259.649568
-50.0,50,259.896859
-50.0,50,260.21015
-50.0,50,260.432898
-50.0,50,260.649869
-50.0,50,260.881656
-50.0,50,261.123624
-50.0,50,261.363897
-50.0,50,261.602424
-50.0,50,261.842437
-50.0,50,262.073913
-50.0,50,262.299717
-50.0,50,262.548579
-50.0,50,263.438497
-50.0,50,263.700479
-50.0,50,263.99331
-50.0,50,264.277066
-50.0,50,264.529721
-50.0,50,264.759417
-50.0,50,265.008465
-50.0,50,265.274527
-50.0,50,265.532614
-50.0,50,265.810369
-50.0,50,266.050025
-50.0,50,266.29677
-50.0,50,266.533063
-50.0,50,266.762987
-50.0,50,266.994329
-50.0,50,267.232996
-45.0,50,267.472739
-50.0,50,267.706583
-50.0,50,267.948431
-50.0,50,268.197218
-50.0,50,268.430449
-50.0,50,268.678059
-50.0,50,268.920662
-50.0,50,269.223191
-50.0,50,269.451692
-50.0,50,269.672998
-50.0,50,269.893953
-50.0,50,270.120014
-50.0,50,270.3527
-50.0,50,270.588122
-50.0,50,270.824015
-50.0,50,271.04878
-50.0,50,271.279805
-28.0,50,271.514517
-50.0,50,271.759033
-46.0,50,272.008673
-50.0,50,272.251177
-15.0,50,272.483566
-50.0,50,272.726327
-50.0,50,272.978231
-50.0,50,273.223841
-50.0,50,273.475384
-50.0,50,273.746433
-50.0,50,273.99751
-50.0,50,274.241949
-44.0,50,274.484553
-50.0,50,274.733433
-50.0,50,274.995202
-50.0,50,275.255145
-50.0,50,275.499726
-50.0,50,276.395417
-50.0,50,276.626382
-50.0,50,276.858871
-50.0,50,277.108722
-50.0,50,277.353506
-50.0,50,277.605753
-50.0,50,277.88713
-50.0,50,278.121612
-50.0,50,278.366238
-50.0,50,278.6152
-50.0,50,278.860502
-44.0,50,279.097082
-50.0,50,279.357781
-50.0,50,279.587357
-50.0,50,279.818824
-50.0,50,280.051173
-50.0,50,280.298595
-50.0,50,280.544479
-50.0,50,280.793064
-50.0,50,281.034146
-46.0,50,281.283919
-50.0,50,281.531577
-50.0,50,281.778693
-48.0,50,282.035296
-47.0,50,282.266974
-50.0,50,282.496223
-50.0,50,282.730356
-50.0,50,282.976782
-50.0,50,283.215575
-50.0,50,283.461695
-48.0,50,283.691883
-50.0,50,283.929387
-50.0,50,284.161721
-50.0,50,284.392388
-50.0,50,284.622492
-50.0,50,284.85425
-50.0,50,285.089906
-50.0,50,285.322115
-50.0,50,285.567862
-50.0,50,285.79847
-50.0,50,286.033738
-50.0,50,286.2655
-50.0,50,286.497568
-50.0,50,286.730011
-50.0,50,286.968896
-50.0,50,287.200443
-50.0,50,287.432519
-50.0,50,287.672216
-50.0,50,287.907232
-50.0,50,288.168827
-50.0,50,289.025122
-50.0,50,289.273005
-50.0,50,289.525577
-50.0,50,289.779807
-50.0,50,290.032784
-50.0,50,290.288864
-46.0,50,290.539603
-50.0,50,290.789533
-50.0,50,291.043957
-50.0,50,291.284963
-49.0,50,291.536179
-50.0,50,291.787205
-50.0,50,292.043786
-50.0,50,292.295019
-50.0,50,292.552677
-50.0,50,292.802951
-50.0,50,293.057491
-50.0,50,293.3023
-50.0,50,293.546428
-50.0,50,293.787422
-50.0,50,294.031726
-46.0,50,294.268678
-50.0,50,294.517125
-50.0,50,294.763687
-50.0,50,295.015242
-50.0,50,295.259775
-50.0,50,295.505538
-50.0,50,295.745298
-50.0,50,295.996428
-50.0,50,296.246752
-47.0,50,296.496705
-50.0,50,296.738528
-50.0,50,296.990927
-50.0,50,297.236182
-50.0,50,297.481836
-42.0,50,297.731803
-50.0,50,298.009988
-50.0,50,298.245648
-48.0,50,298.491672
-50.0,50,298.732931
-50.0,50,298.984814
-50.0,50,299.226705
-50.0,50,299.482176
-50.0,50,299.732805
-50.0,50,299.989292
-50.0,50,300.239038
-50.0,50,300.488559
-50.0,50,300.740344
-50.0,50,300.992838
-48.0,50,301.239893
-50.0,50,302.157304
-50.0,50,302.407366
-50.0,50,302.660553
-50.0,50,302.91146
-50.0,50,303.165563
-50.0,50,303.408545
-50.0,50,303.662719
-50.0,50,303.916442
-50.0,50,304.169709
-50.0,50,304.422519
-50.0,50,304.66961
-50.0,50,304.905589
-50.0,50,305.154116
-50.0,50,305.398861
-50.0,50,305.63686
-50.0,50,305.879117
-50.0,50,306.122438
-50.0,50,306.35994
-50.0,50,306.600465
-50.0,50,306.838471
-50.0,50,307.087497
-46.0,50,307.330516
-50.0,50,307.572856
-50.0,50,307.81531
-50.0,50,308.056838
-50.0,50,308.293466
-50.0,50,308.531651
-50.0,50,308.777581
-50.0,50,309.02378
-50.0,50,309.263235
-50.0,50,309.498723
-50.0,50,309.745959
-50.0,50,310.00597
-50.0,50,310.257601
-50.0,50,310.509474
-50.0,50,310.763891
-50.0,50,311.010644
-50.0,50,311.252437
-50.0,50,311.499825
-50.0,50,311.747539
-50.0,50,312.003753
-50.0,50,312.262837
-50.0,50,312.51264
-50.0,50,312.763672
-50.0,50,313.019632
-50.0,50,313.265809
-50.0,50,313.512529
-50.0,50,313.780607
-50.0,50,314.039843
-50.0,50,314.289887
-50.0,50,315.236792
-50.0,50,315.495435
-50.0,50,315.755683
-50.0,50,316.011518
-50.0,50,316.259419
-50.0,50,316.51267
-50.0,50,316.768601
-50.0,50,317.029653
-46.0,50,317.27912
-50.0,50,317.542294
-50.0,50,317.805792
-49.0,50,318.068603
-48.0,50,318.325186
-47.0,50,318.583164
-50.0,50,318.838287
-50.0,50,319.090011
-50.0,50,319.346724
-50.0,50,319.596305
-50.0,50,319.837208
-47.0,50,320.083615
-50.0,50,320.321991
-50.0,50,320.564522
-50.0,50,320.805951
-50.0,50,321.057498
-50.0,50,321.317088
-50.0,50,321.563143
-50.0,50,321.797143
-47.0,50,322.040781
-50.0,50,322.279466
-50.0,50,322.51747
-50.0,50,322.749864
-50.0,50,322.988414
-50.0,50,323.228842
-50.0,50,323.464643
-50.0,50,323.699932
-50.0,50,323.934581
-50.0,50,324.182474
-50.0,50,324.412827
-50.0,50,324.645725
-50.0,50,324.887587
-50.0,50,325.126801
-50.0,50,325.362848
-50.0,50,325.593066
-50.0,50,325.839808
-50.0,50,326.080782
-50.0,50,326.316652
-50.0,50,326.547278
-50.0,50,326.778817
-50.0,50,327.009468
-50.0,50,327.242558
-50.0,50,328.123758
-50.0,50,328.391788
-50.0,50,328.65056
-50.0,50,328.904257
-50.0,50,329.145762
-50.0,50,329.384586
-50.0,50,329.620828
-50.0,50,329.864445
-47.0,50,330.105745
-50.0,50,330.342718
-50.0,50,330.580121
-50.0,50,330.814392
-50.0,50,331.056322
-50.0,50,331.292585
-50.0,50,331.527101
-50.0,50,331.769104
-50.0,50,332.007515
-50.0,50,332.249233
-50.0,50,332.484904
-50.0,50,332.739202
-50.0,50,332.98052
-42.0,50,333.233875
-50.0,50,333.479854
-50.0,50,333.725178
-50.0,50,333.957794
-50.0,50,334.196796
-50.0,50,334.427445
-50.0,50,334.662216
-50.0,50,334.908455
-50.0,50,335.258416
-50.0,50,335.48369
-50.0,50,335.695356
-45.0,50,335.916437
-31.0,50,336.134206
-50.0,50,336.371742
-50.0,50,336.623151
-50.0,50,336.863034
-50.0,50,337.108222
-50.0,50,337.35714
-50.0,50,337.636184
-50.0,50,337.895167
-50.0,50,338.125503
-50.0,50,338.352858
-50.0,50,338.574294
-50.0,50,338.79522
-50.0,50,339.031682
-50.0,50,339.256464
-50.0,50,339.474504
-27.0,50,339.693943
-50.0,50,339.922259
-50.0,50,340.79056
-50.0,50,341.02012
-50.0,50,341.267314
-50.0,50,341.514274
-50.0,50,341.759446
-50.0,50,341.993782
-45.0,50,342.232642
-50.0,50,342.488707
-50.0,50,342.731392
-50.0,50,342.971163
-50.0,50,343.214769
-50.0,50,343.452376
-50.0,50,343.685925
-50.0,50,343.928391
-50.0,50,344.168855
-50.0,50,344.413663
-46.0,50,344.65879
-24.0,50,344.905552
-50.0,50,345.142758
-50.0,50,345.383676
-50.0,50,345.625354
-44.0,50,345.857404
-50.0,50,346.097338
-50.0,50,346.33173
-50.0,50,346.562844
-50.0,50,346.794137
-46.0,50,347.033755
-50.0,50,347.273742
-39.0,50,347.516218
-50.0,50,347.746154
-50.0,50,347.984017
-40.0,50,348.248469
-41.0,50,348.485444
-50.0,50,348.723858
-50.0,50,348.959976
-50.0,50,349.211008
-50.0,50,349.457336
-50.0,50,349.689836
-50.0,50,349.926956
-50.0,50,350.173535
-48.0,50,350.417386
-50.0,50,350.659661
-50.0,50,350.910721
-50.0,50,351.16597
-50.0,50,351.409736
-46.0,50,351.644883
-14.0,50,351.892907
-34.0,50,352.139722
-50.0,50,352.41565
-33.0,50,352.664021
-41.0,50,353.583951
-50.0,50,353.851134
-50.0,50,354.12684
-50.0,50,354.396022
-50.0,50,354.657544
-50.0,50,354.926802
-42.0,50,355.201374
-50.0,50,355.45575
-42.0,50,355.692009
-50.0,50,355.923888
-50.0,50,356.167771
-50.0,50,356.403725
-50.0,50,356.640736
-50.0,50,356.872752
-50.0,50,357.126268
-50.0,50,357.372575
-50.0,50,357.620656
-50.0,50,357.873737
-50.0,50,358.132973
-50.0,50,358.38186
-50.0,50,358.638823
-50.0,50,358.891812
-50.0,50,359.140469
-50.0,50,359.409193
-50.0,50,359.669737
-50.0,50,359.920634
-50.0,50,360.176258
-50.0,50,360.433549
-50.0,50,360.680417
-50.0,50,360.930727
-50.0,50,361.18445
-50.0,50,361.431133
-50.0,50,361.663525
-50.0,50,361.903647
-50.0,50,362.176638
-50.0,50,362.471753
-48.0,50,362.802534
-50.0,50,363.073854
-50.0,50,363.324912
-50.0,50,363.627589
-50.0,50,363.887389
-50.0,50,364.13052
-50.0,50,364.360826
-50.0,50,364.610431
-50.0,50,364.835701
-50.0,50,365.096671
-50.0,50,365.338794
-50.0,50,365.548816
-50.0,50,365.758701
-47.0,50,365.96709
-50.0,50,366.797057
-50.0,50,367.046962
-50.0,50,367.32691
-50.0,50,367.58951
-50.0,50,367.827359
-50.0,50,368.059745
-50.0,50,368.301767
-50.0,50,368.546833
-50.0,50,368.801397
-50.0,50,369.06995
-50.0,50,369.318372
-50.0,50,369.575589
-50.0,50,369.856214
-50.0,50,370.113392
-50.0,50,370.36599
-50.0,50,370.618686
-40.0,50,370.866205
-50.0,50,371.122636
-50.0,50,371.378664
-50.0,50,371.641891
-50.0,50,371.893491
-50.0,50,372.150673
-50.0,50,372.459809
-50.0,50,372.738797
-50.0,50,372.995636
-41.0,50,373.227198
-50.0,50,373.447855
-50.0,50,373.678591
-50.0,50,373.892224
-50.0,50,374.106882
-50.0,50,374.317586
-45.0,50,374.542895
-47.0,50,374.762932
-25.0,50,374.986869
-47.0,50,375.211334
-50.0,50,375.441639
-50.0,50,375.664891
-41.0,50,375.879784
-50.0,50,376.094051
-28.0,50,376.31238
-50.0,50,376.531853
-50.0,50,376.757775
-50.0,50,376.997129
-50.0,50,377.236472
-35.0,50,377.469448
-50.0,50,377.699848
-50.0,50,377.925019
-50.0,50,378.163795
-50.0,50,378.409563
-50.0,50,378.65687
-50.0,50,379.554015
-8.0,50,379.804681
-50.0,50,380.069884
-47.0,50,380.3385
-50.0,50,380.581501
-36.0,50,380.857652
-30.0,50,381.135049
-50.0,50,381.367078
-50.0,50,381.62977
-50.0,50,381.902126
-50.0,50,382.149384
-50.0,50,382.377401
-42.0,50,382.63245
-50.0,50,382.874297
-43.0,50,383.110503
-50.0,50,383.354966
-50.0,50,383.588631
-22.0,50,383.838756
-50.0,50,384.096422
-50.0,50,384.358532
-7.0,50,384.602926
-50.0,50,384.833855
-50.0,50,385.072685
-50.0,50,385.322977
-50.0,50,385.576652
-50.0,50,385.825432
-50.0,50,386.082528
-45.0,50,386.334211
-50.0,50,386.577063
-47.0,50,386.826483
-50.0,50,387.112409
-50.0,50,387.377028
-16.0,50,387.618953
-50.0,50,387.856869
-46.0,50,388.097071
-48.0,50,388.327744
-50.0,50,388.622423
-40.0,50,388.890649
-50.0,50,389.155825
-50.0,50,389.394976
-50.0,50,389.640522
-50.0,50,389.883044
-11.0,50,390.126379
-26.0,50,390.346542
-50.0,50,390.571936
-46.0,50,390.787527
-45.0,50,391.010588
-50.0,50,391.261593
-50.0,50,391.504131
-50.0,50,391.730417
-40.0,50,392.600964
-50.0,50,392.846728
-50.0,50,393.083924
-50.0,50,393.316592
-50.0,50,393.550344
-50.0,50,393.784235
-27.0,50,394.028569
-50.0,50,394.285155
-50.0,50,394.535232
-50.0,50,394.782424
-50.0,50,395.024806
-50.0,50,395.26952
-50.0,50,395.515442
-50.0,50,395.750847
-50.0,50,395.992112
-46.0,50,396.231509
-50.0,50,396.466523
-37.0,50,396.701141
-50.0,50,396.956807
-17.0,50,397.216536
-50.0,50,397.449963
-45.0,50,397.682863
-45.0,50,397.913585
-50.0,50,398.150002
-50.0,50,398.380168
-50.0,50,398.612702
-50.0,50,398.863554
-50.0,50,399.096176
-50.0,50,399.325373
-50.0,50,399.562581
-29.0,50,399.798959
-50.0,50,400.042246
-50.0,50,400.274475
-50.0,50,400.503137
-22.0,50,400.733198
-50.0,50,400.971479
-37.0,50,401.216524
-50.0,50,401.45756
-50.0,50,401.695245
-40.0,50,401.933822
-41.0,50,402.18429
-36.0,50,402.428707
-50.0,50,402.673867
-20.0,50,402.921117
-50.0,50,403.167257
-50.0,50,403.412079
-50.0,50,403.655196
-6.0,50,403.902169
-50.0,50,404.150102
-47.0,50,404.391225
-50.0,50,405.263519
-41.0,50,405.516767
-3.0,50,405.75547
-50.0,50,405.997167
-15.0,50,406.246864
-48.0,50,406.492169
-50.0,50,406.734879
-50.0,50,407.00545
-50.0,50,407.255532
-50.0,50,407.499747
-50.0,50,407.763436
-45.0,50,408.01808
-49.0,50,408.276619
-50.0,50,408.526948
-50.0,50,408.775818
-50.0,50,409.024296
-50.0,50,409.270296
-45.0,50,409.509532
-46.0,50,409.744123
-40.0,50,409.984807
-50.0,50,410.228359
-50.0,50,410.458846
-39.0,50,410.693789
-50.0,50,410.928557
-50.0,50,411.166245
-50.0,50,411.409298
-50.0,50,411.64546
-50.0,50,411.880657
-39.0,50,412.12297
-36.0,50,412.356817
-50.0,50,412.584064
-50.0,50,412.815705
-35.0,50,413.04707
-50.0,50,413.283587
-50.0,50,413.5123
-50.0,50,413.749926
-14.0,50,413.985049
-48.0,50,414.222748
-8.0,50,414.451034
-27.0,50,414.681088
-21.0,50,414.910994
-50.0,50,415.142324
-40.0,50,415.370615
-50.0,50,415.598781
-50.0,50,415.82679
-50.0,50,416.055161
-44.0,50,416.285834
-50.0,50,416.519074
-50.0,50,416.749741
-50.0,50,416.982622
-50.0,50,417.850045
-50.0,50,418.082092
-50.0,50,418.315439
-50.0,50,418.543805
-50.0,50,418.773182
-49.0,50,419.001461
-28.0,50,419.237941
-50.0,50,419.470684
-50.0,50,419.696963
-40.0,50,419.92388
-38.0,50,420.155998
-50.0,50,420.387752
-50.0,50,420.628187
-45.0,50,420.860242
-50.0,50,421.088256
-50.0,50,421.32233
-50.0,50,421.55449
-50.0,50,421.783912
-50.0,50,422.013772
-47.0,50,422.249819
-46.0,50,422.480494
-46.0,50,422.712451
-44.0,50,422.946426
-50.0,50,423.179776
-50.0,50,423.411983
-38.0,50,423.660837
-50.0,50,423.888835
-35.0,50,424.127014
-50.0,50,424.355371
-50.0,50,424.587223
-45.0,50,424.825261
-47.0,50,425.060253
-50.0,50,425.297024
-45.0,50,425.539088
-50.0,50,425.779481
-49.0,50,426.014668
-50.0,50,426.251001
-50.0,50,426.484006
-50.0,50,426.712711
-50.0,50,426.945424
-32.0,50,427.187293
-50.0,50,427.416851
-28.0,50,427.649778
-50.0,50,427.885591
-46.0,50,428.119154
-50.0,50,428.34687
-50.0,50,428.575847
-50.0,50,428.804378
-46.0,50,429.035121
-49.0,50,429.270754
-50.0,50,430.136096
-50.0,50,430.369986
-46.0,50,430.614044
-20.0,50,430.850334
-50.0,50,431.084678
-50.0,50,431.316768
-47.0,50,431.557522
-50.0,50,431.791048
-50.0,50,432.020417
-50.0,50,432.255625
-50.0,50,432.486559
-50.0,50,432.71476
-24.0,50,432.94678
-25.0,50,433.179864
-20.0,50,433.41225
-34.0,50,433.639473
-50.0,50,433.872847
-49.0,50,434.103934
-50.0,50,434.331721
-50.0,50,434.563195
-35.0,50,434.790642
-50.0,50,435.01766
-50.0,50,435.259507
-45.0,50,435.495059
-48.0,50,435.737542
-42.0,50,435.979333
-41.0,50,436.228113
-45.0,50,436.462374
-50.0,50,436.707018
-22.0,50,436.938583
-23.0,50,437.180727
-29.0,50,437.416628
-50.0,50,437.647966
-50.0,50,437.880111
-36.0,50,438.111887
-44.0,50,438.349867
-6.0,50,438.583223
-26.0,50,438.810463
-50.0,50,439.042763
-50.0,50,439.281488
-50.0,50,439.520475
-50.0,50,439.746813
-35.0,50,439.984222
-22.0,50,440.224343
-48.0,50,440.457927
-37.0,50,440.695049
-37.0,50,440.93081
-41.0,50,441.167243
-50.0,50,441.395719
-50.0,50,441.623474
-50.0,50,442.48581
-50.0,50,442.739764
-50.0,50,442.999152
-44.0,50,443.246264
-33.0,50,443.483013
-32.0,50,443.728445
-50.0,50,443.968545
-42.0,50,444.204351
-50.0,50,444.435836
-50.0,50,444.680863
-50.0,50,444.915983
-50.0,50,445.148956
-46.0,50,445.375451
-50.0,50,445.604739
-50.0,50,445.844002
-24.0,50,446.070172
-49.0,50,446.308756
-33.0,50,446.541101
-50.0,50,446.77973
-38.0,50,447.011949
-42.0,50,447.245452
-50.0,50,447.473428
-50.0,50,447.706457
-34.0,50,447.945439
-22.0,50,448.182057
-17.0,50,448.412581
-19.0,50,448.640793
-42.0,50,448.869968
-28.0,50,449.099643
-42.0,50,449.331297
-50.0,50,449.576513
-50.0,50,449.824871
-50.0,50,450.060879
-35.0,50,450.311991
-27.0,50,450.546062
-21.0,50,450.779796
-20.0,50,451.016495
-50.0,50,451.255861
-43.0,50,451.487509
-50.0,50,451.721196
-47.0,50,451.95384
-28.0,50,452.190984
-20.0,50,452.423282
-42.0,50,452.653771
-25.0,50,452.883487
-34.0,50,453.112319
-4.0,50,453.347466
-42.0,50,453.574909
-50.0,50,453.815261
-43.0,50,454.055532
-49.0,50,454.94325
-47.0,50,455.187953
-13.0,50,455.431709
-18.0,50,455.664853
0.0,50,455.895232
-20.0,50,456.13477
-36.0,50,456.36482
-49.0,50,456.593181
-25.0,50,456.821922
-35.0,50,457.049922
-12.0,50,457.284661
-47.0,50,457.512643
-32.0,50,457.75983
-42.0,50,457.996028
-42.0,50,458.235503
-50.0,50,458.478899
-42.0,50,458.712843
-42.0,50,458.956566
-35.0,50,459.20668
-17.0,50,459.45252
-21.0,50,459.69082
-28.0,50,459.921512
-30.0,50,460.154726
-25.0,50,460.388986
-19.0,50,460.621966
-19.0,50,460.866137
-5.0,50,461.10735
-42.0,50,461.347627
-24.0,50,461.578662
-14.0,50,461.80515
-43.0,50,462.03082
-39.0,50,462.268852
-42.0,50,462.499058
-19.0,50,462.728786
-20.0,50,462.966417
-8.0,50,463.207764
-37.0,50,463.44206
-34.0,50,463.68506
-50.0,50,463.913693
-50.0,50,464.143846
-48.0,50,464.378856
-50.0,50,464.60991
-31.0,50,464.858591
-50.0,50,465.109565
-35.0,50,465.350396
-14.0,50,465.603404
-50.0,50,465.847307
-45.0,50,466.098314
-50.0,50,466.346764
-50.0,50,466.588886
-50.0,50,467.45589
-25.0,50,467.691376
-49.0,50,467.924814
-50.0,50,468.185025
-33.0,50,468.417691
-50.0,50,468.647779
-50.0,50,468.896035
-50.0,50,469.130551
-50.0,50,469.385582
-33.0,50,469.638057
-36.0,50,469.8862
-31.0,50,470.13826
-50.0,50,470.398174
-37.0,50,470.638794
-30.0,50,470.880548
-48.0,50,471.133824
-50.0,50,471.383842
-29.0,50,471.638781
-43.0,50,471.881446
-11.0,50,472.112171
-47.0,50,472.349286
-43.0,50,472.580303
-22.0,50,472.810529
-36.0,50,473.038791
-31.0,50,473.272956
-12.0,50,473.49988
-13.0,50,473.730974
-50.0,50,473.981147
-33.0,50,474.233073
-15.0,50,474.480978
-8.0,50,474.736586
-40.0,50,474.985609
-47.0,50,475.243709
-28.0,50,475.496639
-34.0,50,475.751709
-33.0,50,476.006395
-50.0,50,476.276417
-50.0,50,476.529098
-14.0,50,476.784277
-19.0,50,477.025693
-38.0,50,477.26296
-38.0,50,477.492729
-35.0,50,477.719075
-27.0,50,477.96139
-40.0,50,478.219381
-45.0,50,478.474626
-6.0,50,478.72547
-38.0,50,478.975072
-40.0,50,479.223641
-50.0,50,479.466798
-31.0,50,480.352413
-42.0,50,480.603371
-48.0,50,480.839299
-50.0,50,481.07356
-50.0,50,481.308914
-19.0,50,481.557247
-36.0,50,481.808547
-5.0,50,482.063462
-50.0,50,482.320449
-50.0,50,482.573813
-34.0,50,482.813613
-25.0,50,483.042429
-24.0,50,483.279678
-27.0,50,483.505408
-3.0,50,483.738054
-21.0,50,483.971677
-10.0,50,484.229125
-32.0,50,484.479084
-48.0,50,484.72475
-38.0,50,484.975417
-28.0,50,485.227726
-22.0,50,485.474239
-37.0,50,485.721573
-41.0,50,485.965773
-16.0,50,486.218549
-37.0,50,486.467086
-18.0,50,486.71594
-48.0,50,486.960287
-21.0,50,487.200826
-2.0,50,487.433787
-44.0,50,487.660781
-16.0,50,487.886305
-34.0,50,488.129878
-28.0,50,488.364937
-23.0,50,488.592704
-26.0,50,488.82031
-45.0,50,489.059856
-40.0,50,489.292803
-8.0,50,489.52623
-7.0,50,489.766351
-44.0,50,489.998442
-4.0,50,490.236974
-39.0,50,490.474474
-27.0,50,490.720624
-26.0,50,490.960286
-14.0,50,491.227341
-2.0,50,491.488716
-31.0,50,491.749769
-28.0,50,492.006027
-16.0,50,492.250353
-16.0,50,493.114605
-12.0,50,493.388592
-3.0,50,493.651949
-9.0,50,493.913123
-4.0,50,494.187771
-16.0,50,494.44217
-21.0,50,494.69373
-50.0,50,494.939344
-27.0,50,495.180434
-46.0,50,495.429459
-46.0,50,495.678243
-14.0,50,495.930185
-2.0,50,496.180903
-19.0,50,496.438099
-15.0,50,496.684797
-20.0,50,496.937178
-33.0,50,497.188407
-18.0,50,497.423238
-6.0,50,497.652045
-24.0,50,497.880046
-42.0,50,498.112032
-18.0,50,498.361581
-12.0,50,498.604105
-17.0,50,498.844942
-5.0,50,499.098602
-3.0,50,499.3497
-32.0,50,499.598418
-22.0,50,499.838564
-45.0,50,500.08382
-20.0,50,500.332957
-20.0,50,500.576245
-25.0,50,500.825262
-2.0,50,501.077833
-18.0,50,501.326323
-50.0,50,501.569769
-23.0,50,501.82546
-41.0,50,502.081652
-4.0,50,502.345427
-8.0,50,502.606644
-19.0,50,502.860612
-11.0,50,503.11639
-28.0,50,503.374059
-34.0,50,503.62165
-26.0,50,503.869969
-4.0,50,504.117058
-10.0,50,504.358908
-32.0,50,504.608777
-35.0,50,504.855814
-14.0,50,505.091656
-19.0,50,505.339711
-2.0,50,506.26196
-23.0,50,506.500442
-3.0,50,506.743864
-4.0,50,506.993059
-5.0,50,507.243509
-8.0,50,507.489892
-27.0,50,507.742577
-43.0,50,507.992193
-3.0,50,508.243657
-39.0,50,508.477444
-2.0,50,508.733544
-7.0,50,508.981522
-30.0,50,509.220035
-5.0,50,509.448737
-37.0,50,509.675971
-29.0,50,509.905771
-41.0,50,510.133738
-3.0,50,510.373403
-37.0,50,510.618531
-34.0,50,510.861242
-6.0,50,511.112763
-6.0,50,511.360212
-8.0,50,511.592491
-2.0,50,511.829221
-20.0,50,512.061472
-13.0,50,512.297993
-1.0,50,512.529225
-2.0,50,512.778248
-15.0,50,513.025319
-26.0,50,513.27616
-42.0,50,513.512242
-6.0,50,513.74737
-1.0,50,514.001408
-14.0,50,514.247868
-23.0,50,514.474002
-13.0,50,514.70472
-32.0,50,514.931639
-3.0,50,515.166071
-1.0,50,515.403085
-28.0,50,515.630166
-2.0,50,515.869904
-3.0,50,516.114542
-21.0,50,516.357853
-16.0,50,516.588014
-7.0,50,516.815481
-15.0,50,517.044843
-44.0,50,517.28262
-1.0,50,517.519774
-18.0,50,517.749897
-24.0,50,517.982423
