#{"t_start": 1768994411.076997, "env_id": "FetchReachDense-v4"}
r,l,t
-14.653931,50,1.049078
-17.553975,50,1.089488
-9.860089,50,1.447273
-16.834441,50,1.68888
-22.425838,50,1.907431
-32.686741,50,2.12126
-32.893044,50,2.368011
-13.444622,50,2.591949
-11.888385,50,2.813709
-14.838928,50,3.041302
-12.434796,50,3.269151
-22.335127,50,3.485971
-19.28243,50,3.711689
-18.755387,50,3.947495
-18.214682,50,4.186382
-19.224464,50,4.427309
-7.784095,50,4.660395
-8.065803,50,4.883418
-8.466013,50,5.101335
-18.220412,50,5.316437
-12.779429,50,5.539376
-13.572008,50,5.754558
-15.475134,50,5.974103
-20.010053,50,6.207222
-23.532808,50,6.440108
-24.225841,50,6.670976
-15.400571,50,6.899005
-20.170216,50,7.131166
-26.55171,50,7.358208
-27.319258,50,7.587082
-17.349524,50,7.817259
-13.270336,50,8.052441
-24.373673,50,8.29777
-25.015462,50,8.553697
-14.559238,50,8.802919
-24.698172,50,9.030871
-25.074862,50,9.285015
-18.013472,50,9.516075
-20.545345,50,9.74663
-14.285736,50,9.994029
-13.773415,50,10.268393
-8.39054,50,10.518624
-11.653325,50,10.780339
-15.200201,50,11.015991
-16.777104,50,11.27623
-8.637385,50,11.52461
-9.308467,50,11.784714
-8.062451,50,12.031088
-10.221433,50,12.291688
-7.507343,50,12.544475
-9.261296,50,12.793797
-7.29584,50,13.04583
-6.396542,50,13.304755
-7.618146,50,13.547098
-8.110406,50,13.783078
-3.547051,50,14.021225
-8.794041,50,14.277239
-4.780725,50,14.532994
-3.145597,50,14.793081
-3.5917,50,15.044604
-4.287442,50,15.297238
-7.010101,50,15.545873
-5.170576,50,15.808246
-12.036339,50,16.064954
-16.447288,50,16.332445
-12.724553,50,16.584335
-6.026345,50,16.84402
-2.273252,50,17.101168
-3.440871,50,17.354652
-5.347931,50,17.589223
-3.849573,50,17.821434
-4.019616,50,18.054692
-3.197365,50,18.294241
-3.956932,50,18.521949
-4.954643,50,18.754167
-5.598914,50,18.990271
-4.666292,50,19.243714
-3.462053,50,19.484598
-4.248749,50,19.714767
-3.914865,50,19.953178
-5.045908,50,20.186869
-6.027117,50,20.420187
-2.98679,50,20.647656
-2.682757,50,20.882091
-2.41951,50,21.117135
-3.120609,50,21.34733
-3.574996,50,21.574479
-2.040398,50,21.804595
-3.570483,50,22.040651
-4.796478,50,22.31424
-4.110761,50,22.55994
-5.36321,50,22.820044
-4.633763,50,23.091072
-6.450538,50,23.351899
-3.710702,50,23.598213
-4.000754,50,23.857155
-2.594565,50,24.093936
-3.501766,50,24.327858
-1.462603,50,24.557242
-6.908673,50,24.790309
-2.847406,50,25.024301
-4.398917,50,25.261882
-3.324715,50,25.507098
-3.843357,50,25.754682
-3.571972,50,25.999089
-6.551272,50,26.246236
-3.885733,50,26.4825
-4.984566,50,26.749596
-2.232019,50,26.989419
-2.464183,50,27.224104
-2.644237,50,27.484791
-2.258701,50,27.72113
-1.10456,50,27.95586
-6.924235,50,28.189056
-5.198339,50,28.422774
-4.23286,50,28.654184
-1.848337,50,28.887568
-2.307,50,29.118905
-2.696901,50,29.36467
-2.749301,50,29.614676
-5.154092,50,29.848604
-2.778484,50,30.077549
-2.294167,50,30.334031
-4.078111,50,30.591992
-3.980442,50,30.863272
-2.382941,50,31.128602
-2.045175,50,31.38259
-2.341632,50,31.614061
-2.372053,50,31.856767
-1.882558,50,32.086856
-1.629362,50,32.322247
-4.533949,50,32.57447
-2.24664,50,32.810613
-2.44705,50,33.049978
-4.211625,50,33.309933
-2.938136,50,33.575058
-2.916828,50,33.814878
-1.917104,50,34.049017
-3.698151,50,34.304278
-3.652628,50,34.557764
-3.547619,50,34.833669
-4.1561,50,35.074983
-5.39025,50,35.308231
-2.802727,50,35.540623
-1.220141,50,35.776
-2.579682,50,36.007332
-2.443809,50,36.251069
-3.544538,50,36.515287
-1.270443,50,36.780218
-2.033356,50,37.036407
-2.277541,50,37.284578
-3.120698,50,37.547214
-2.278621,50,37.81388
-3.15546,50,38.057325
-3.326118,50,38.294334
-2.358513,50,38.550294
-2.337961,50,38.796179
-3.137832,50,39.044369
-2.939705,50,39.287146
-2.153492,50,39.534429
-1.901386,50,39.769308
-1.181498,50,40.002276
-2.485984,50,40.237347
-1.97092,50,40.475254
-3.53499,50,40.712463
-1.489391,50,40.944683
-3.426944,50,41.184167
-2.502065,50,41.440616
-1.54413,50,41.689407
-1.838322,50,41.942143
-4.530572,50,42.208551
-1.334596,50,42.46377
-3.472876,50,42.724442
-1.962616,50,42.983897
-1.880465,50,43.229232
-4.007137,50,43.472284
-1.271252,50,43.737823
-1.83385,50,43.995893
-1.177881,50,44.240371
-3.160477,50,44.473233
-2.47156,50,44.711289
-3.306215,50,44.943917
-1.980561,50,45.179024
-2.352632,50,45.411135
-2.566298,50,45.672398
-2.451266,50,45.944325
-2.771893,50,46.19289
-2.423664,50,46.44494
-2.984825,50,46.693976
-1.25131,50,46.953167
-1.795495,50,47.206569
-3.160028,50,47.438249
-3.498369,50,47.67827
-2.620796,50,47.908269
-2.096115,50,48.140275
-3.176221,50,48.402
-1.110129,50,48.665019
-1.798848,50,48.930682
-2.580173,50,49.196907
-2.184278,50,49.437665
-2.733185,50,49.706197
-2.446135,50,49.943138
-1.309571,50,50.176036
-1.456788,50,50.411883
-1.662341,50,50.646746
-1.536956,50,50.884086
-1.868895,50,51.11652
-1.91453,50,51.367883
-4.610633,50,51.644274
-1.008003,50,51.909232
-1.237506,50,52.168125
-1.643394,50,52.439365
-1.434855,50,52.698329
-3.0291,50,52.960863
-1.341722,50,53.226881
-1.232903,50,53.492791
-1.809976,50,53.753203
-1.481633,50,54.021281
-2.306622,50,54.279903
-1.35996,50,54.547294
-4.454616,50,54.810091
-2.225678,50,55.074048
-1.992209,50,55.332007
-2.627388,50,55.592492
-3.029157,50,55.843247
-1.380223,50,56.075878
-2.737485,50,56.327499
-1.799443,50,56.561623
-1.521802,50,56.796412
-1.328393,50,57.025155
-1.957493,50,57.259901
-1.952167,50,57.492781
-1.291147,50,57.750008
-1.510502,50,57.990131
-1.528481,50,58.219981
-2.058756,50,58.462778
-1.95402,50,58.697435
-2.014819,50,58.935976
-2.243415,50,59.172852
-1.683101,50,59.406902
-1.622485,50,59.659675
-1.826503,50,59.912844
-1.962045,50,60.143492
-2.321437,50,60.381038
-1.20803,50,60.618757
-1.480965,50,60.848818
-0.858914,50,61.085862
-1.552825,50,61.318894
-1.426989,50,61.559338
-1.355545,50,61.80801
-2.880026,50,62.063204
-2.128971,50,62.321547
-2.153328,50,62.588296
-1.65311,50,62.851897
-1.716401,50,63.118092
-1.751327,50,63.394708
-1.577559,50,63.653436
-2.601571,50,63.927199
-1.725133,50,64.190374
-1.297413,50,64.461499
-1.671615,50,64.726039
-1.243106,50,64.983638
-1.20334,50,65.252836
-2.088211,50,65.522763
-1.369498,50,65.777198
-1.290594,50,66.020133
-2.091632,50,66.258117
-1.999525,50,66.493308
-1.159535,50,66.741606
-1.982617,50,66.995845
-1.625304,50,67.251485
-0.932908,50,67.513615
-2.268143,50,67.769283
-0.883504,50,68.013362
-2.011386,50,68.270133
-1.462766,50,68.524652
-1.698756,50,68.789122
-1.191159,50,69.057145
-1.228629,50,69.322747
-1.472754,50,69.577124
-1.332469,50,69.839927
-1.444851,50,70.098279
-1.287165,50,70.365895
-2.2697,50,70.629172
-3.330968,50,70.913155
-1.675995,50,71.198887
-1.550354,50,71.47162
-1.296812,50,71.707396
-1.03649,50,71.943052
-1.157542,50,72.173959
-1.80412,50,72.406975
-0.700508,50,72.637827
-1.210601,50,72.868999
-1.570603,50,73.099103
-2.0354,50,73.327074
-1.412599,50,73.576002
-1.205617,50,73.810878
-1.111144,50,74.04605
-1.524418,50,74.27629
-1.397109,50,74.524081
-1.965011,50,74.789239
-3.131981,50,75.054456
-2.087031,50,75.322262
-1.024311,50,75.580159
-0.896345,50,75.820482
-1.129923,50,76.056117
-1.420844,50,76.289386
-1.565581,50,76.528793
-1.366068,50,76.764263
-1.412359,50,77.001808
-2.315272,50,77.23311
-1.213626,50,77.478862
-1.335162,50,77.747722
-0.970808,50,78.009089
-0.789491,50,78.240967
-1.153948,50,78.476465
-1.506304,50,78.715504
-0.898651,50,78.97193
-1.55931,50,79.227659
-1.969551,50,79.494007
-1.651935,50,79.75508
-1.491139,50,80.008938
-1.143402,50,80.239833
-0.915102,50,80.47431
-0.880049,50,80.707196
-1.511508,50,80.949303
-2.209793,50,81.185144
-1.286859,50,81.418276
-1.598982,50,81.658159
-0.867107,50,81.893534
-1.032971,50,82.146731
-1.762464,50,82.408922
-1.358476,50,82.693273
-1.205737,50,82.948568
-1.330936,50,83.186094
-1.968438,50,83.417402
-1.467636,50,83.667759
-1.102282,50,83.926522
-1.896117,50,84.18889
-1.479353,50,84.465927
-4.216238,50,84.727189
-2.381121,50,84.973172
-1.801011,50,85.21134
-1.186483,50,85.444697
-1.3952,50,85.678225
-1.172372,50,85.913328
-2.242062,50,86.163787
-1.485269,50,86.414305
-1.634595,50,86.67984
-1.335651,50,86.93689
-0.90685,50,87.186808
-1.253664,50,87.416758
-1.506731,50,87.654747
-3.027624,50,87.889246
-1.750974,50,88.14273
-1.840528,50,88.401834
-1.364443,50,88.663217
-0.670155,50,88.918859
-1.228695,50,89.182756
-1.199924,50,89.419783
-1.330199,50,89.660428
-1.247388,50,89.916022
-1.497702,50,90.182644
-2.098481,50,90.455994
-0.995923,50,90.717074
-1.472545,50,90.951068
-1.418701,50,91.185035
-1.705067,50,91.418897
-1.774798,50,91.656808
-1.217566,50,91.889063
-0.944223,50,92.14994
-1.277066,50,92.410218
-1.489742,50,92.68901
-1.446504,50,92.951227
-1.703424,50,93.213915
-1.56195,50,93.480244
-1.262498,50,93.757273
-1.073675,50,94.027495
-0.867379,50,94.309972
-1.657847,50,94.573131
-1.291724,50,94.834058
-1.667014,50,95.090913
-1.133342,50,95.347851
-0.865949,50,95.586979
-1.494879,50,95.829055
-1.824925,50,96.073068
-1.407834,50,96.322168
-1.106544,50,96.554745
-1.185126,50,96.806053
-1.268837,50,97.063488
-0.956158,50,97.332973
-2.020951,50,97.607464
-1.325355,50,97.872058
-1.644324,50,98.109194
-1.127623,50,98.339198
-1.466076,50,98.569266
-1.195412,50,98.804271
-1.44089,50,99.033202
-1.535938,50,99.270241
-1.326772,50,99.501681
-0.95268,50,99.736226
-1.038409,50,99.967376
-1.599893,50,100.215791
-0.864898,50,100.474119
-1.535129,50,100.751143
-1.481111,50,101.003318
-1.0995,50,101.265792
-0.873361,50,101.515975
-1.288814,50,101.787934
-1.214024,50,102.05085
-2.73257,50,102.310299
-1.731114,50,102.543126
-1.370918,50,102.786686
-1.36571,50,103.044196
-1.101563,50,103.313022
-1.240183,50,103.577334
-1.063898,50,103.847501
-1.520953,50,104.120196
-0.910846,50,104.37518
-1.28581,50,104.635794
-1.088568,50,104.911556
-2.530289,50,105.147227
-0.909689,50,105.381909
-1.198867,50,105.616783
-1.03953,50,105.851552
-0.812428,50,106.084957
-0.979454,50,106.349924
-1.203414,50,106.613119
-1.91162,50,106.880892
-1.146945,50,107.137387
-1.606329,50,107.399229
-0.829907,50,107.66333
-1.329628,50,107.907476
-1.18006,50,108.153868
-1.089935,50,108.387819
-1.710243,50,108.62396
-1.182516,50,108.86348
-0.789224,50,109.098489
-0.936622,50,109.332124
-0.938595,50,109.565039
-0.901108,50,109.801609
-0.814869,50,110.033781
-1.39457,50,110.267106
-1.186633,50,110.500446
-1.193998,50,110.737792
-1.578085,50,110.971684
-1.032843,50,111.20394
-1.340471,50,111.461889
-2.129752,50,111.700351
-2.280884,50,111.9378
-1.377637,50,112.17421
-1.975801,50,112.43496
-1.814356,50,112.680203
-0.897956,50,112.913958
-1.100125,50,113.157434
-2.240004,50,113.430348
-2.009149,50,113.693577
-1.433677,50,113.930795
-1.368812,50,114.186892
-1.916216,50,114.442125
-1.652438,50,114.696259
-0.70132,50,114.957415
-1.141121,50,115.198959
-1.893521,50,115.467647
-1.549644,50,115.707172
-1.13654,50,115.944859
-0.879921,50,116.175178
-0.922317,50,116.414799
-2.262025,50,116.663213
-1.247748,50,116.90384
-0.946753,50,117.135036
-1.276584,50,117.367325
-1.870557,50,117.603751
-1.337689,50,117.835818
-1.226404,50,118.074651
-2.303586,50,118.31449
-0.992764,50,118.573592
-1.192857,50,118.829638
-1.501099,50,119.090596
-1.41267,50,119.360769
-1.376989,50,119.613157
-1.362337,50,119.84439
-0.680543,50,120.082223
-0.967565,50,120.330822
-1.271013,50,120.585932
-1.202885,50,120.818248
-1.484749,50,121.057319
-1.041746,50,121.299553
-1.598563,50,121.557315
-2.12717,50,121.792086
-1.491811,50,122.025798
-1.933309,50,122.257128
-1.049653,50,122.50301
-0.962004,50,122.766748
-1.622855,50,123.099817
-1.080484,50,123.392606
-1.986084,50,123.653433
-1.087795,50,123.939661
-0.968983,50,124.271308
-1.237575,50,124.537674
-1.372944,50,125.183257
-1.685664,50,125.531342
-1.854299,50,125.848027
-1.120705,50,126.205991
-1.920293,50,126.451371
-2.623584,50,126.686146
-2.340339,50,126.914245
-1.196866,50,127.134221
-0.670604,50,127.369214
-0.980421,50,127.610065
-1.042347,50,127.83987
-1.326221,50,128.081094
-1.099186,50,128.311891
-1.742486,50,128.562942
-1.196311,50,128.807196
-0.833779,50,129.047288
-1.162631,50,129.300891
-1.125905,50,129.563688
-2.029134,50,129.803117
-1.05311,50,130.04223
-0.875395,50,130.267935
-0.814895,50,130.493139
-1.492584,50,130.727702
-0.755161,50,130.951243
-1.321883,50,131.187081
-1.861588,50,131.441949
-0.899236,50,131.672454
-1.732563,50,131.906019
-0.807465,50,132.142403
-1.829356,50,132.385006
-1.22388,50,132.661555
-1.010344,50,132.912421
-1.509271,50,133.158035
-1.985712,50,133.431544
-0.913751,50,133.727846
-1.896542,50,134.013186
-0.973012,50,134.241105
-1.587741,50,134.460069
-0.710255,50,134.697535
-0.919466,50,134.912408
-2.317138,50,135.127004
-0.652572,50,135.351788
-2.05846,50,135.581103
-1.231102,50,135.809905
-1.319,50,136.039891
-1.357709,50,136.264291
-2.359243,50,136.491147
-1.959444,50,136.718194
-1.57941,50,136.941986
-1.018815,50,137.172249
-1.218886,50,137.410141
-0.851375,50,137.639037
-1.622691,50,137.864279
-1.63646,50,138.10591
-1.008234,50,138.327391
-1.084139,50,138.56607
-1.736438,50,138.808954
-0.949758,50,139.048921
-1.598824,50,139.272245
-2.039961,50,139.499803
-0.945505,50,139.751262
-1.061563,50,139.995785
-0.992017,50,140.224962
-0.684926,50,140.463465
-1.17531,50,140.727142
-2.17921,50,140.968907
-1.639796,50,141.196121
-1.508196,50,141.455771
-1.74358,50,141.702832
-0.849083,50,141.942166
-0.92818,50,142.175039
-1.049791,50,142.40499
-1.176919,50,142.641239
-1.594572,50,142.870028
-2.026504,50,143.102842
-0.687197,50,143.337684
-1.289003,50,143.56998
-1.092399,50,143.811809
-0.815339,50,144.042054
-0.940266,50,144.277096
-0.972311,50,144.516114
-1.89387,50,144.782334
-1.007362,50,145.016715
-1.357051,50,145.249832
-1.058987,50,145.490112
-1.210262,50,145.748349
-1.244293,50,145.986608
-1.775926,50,146.221485
-0.991483,50,146.460264
-1.170414,50,146.697351
-1.366277,50,146.929871
-1.623308,50,147.163913
-1.406433,50,147.400177
-2.177095,50,147.633319
-1.622993,50,147.86619
-1.494769,50,148.098042
-1.135974,50,148.359507
-1.335986,50,148.593245
-1.056433,50,148.823141
-2.034993,50,149.052257
-0.954116,50,149.290125
-0.771705,50,149.521101
-0.797864,50,149.75311
-1.525485,50,149.985803
-1.420665,50,150.228228
-1.142594,50,150.466925
-1.342811,50,150.699402
-1.21904,50,150.929769
-1.580513,50,151.166052
-1.624862,50,151.396886
-0.872939,50,151.628601
-0.703691,50,151.883798
-0.999076,50,152.156247
-1.842107,50,152.399045
-1.337261,50,152.629065
-1.300316,50,152.89172
-1.031736,50,153.128193
-2.112713,50,153.370491
-1.67087,50,153.602815
-0.876674,50,153.838347
-0.982764,50,154.077825
-1.348036,50,154.313308
-1.083872,50,154.546885
-1.144446,50,154.801062
-0.840525,50,155.052082
-1.22928,50,155.283941
-1.022744,50,155.519097
-1.437884,50,155.753019
-1.882284,50,155.986595
-0.969451,50,156.223236
-1.084116,50,156.463836
-1.163939,50,156.703215
-1.487527,50,156.943253
-0.733143,50,157.177409
-1.350099,50,157.409907
-1.136812,50,157.64386
-1.164739,50,157.879994
-1.883996,50,158.110012
-1.153262,50,158.346515
-1.122716,50,158.583102
-0.856605,50,158.822152
-1.385296,50,159.054123
-1.467038,50,159.28758
-1.962387,50,159.532171
-1.785489,50,159.807212
-0.991843,50,160.067701
-1.48492,50,160.339824
-1.140889,50,160.600946
-1.113974,50,160.867031
-1.028982,50,161.115863
-1.622019,50,161.35491
-1.315958,50,161.587427
-1.453572,50,161.83742
-1.416152,50,162.079042
-1.649817,50,162.319131
-1.428503,50,162.554058
-1.281107,50,162.793273
-1.574432,50,163.033429
-1.008579,50,163.277426
-0.800009,50,163.509251
-0.718999,50,163.763499
-1.747115,50,164.000943
-1.262308,50,164.237104
-1.851707,50,164.47106
-1.646647,50,164.727136
-1.293984,50,164.980133
-0.950314,50,165.236906
-1.624288,50,165.489354
-0.927836,50,165.731511
-1.263467,50,165.983515
-2.582806,50,166.238592
-1.100757,50,166.510399
-0.995118,50,166.777076
-1.171559,50,167.05421
-1.882911,50,167.291532
-1.695403,50,167.53456
-1.869915,50,167.779092
-1.714462,50,168.010005
-0.962564,50,168.242996
-1.184475,50,168.474232
-2.178942,50,168.711174
-1.958637,50,168.945121
-3.052858,50,169.177293
-1.704685,50,169.414944
-0.731031,50,169.649269
-1.617889,50,169.880148
-1.400301,50,170.130137
-1.154527,50,170.398892
-1.563636,50,170.6929
-1.862859,50,170.962124
-0.745455,50,171.215788
-0.95302,50,171.449682
-0.867814,50,171.689793
-1.166193,50,171.933068
-1.299915,50,172.193537
-1.826047,50,172.460566
-1.574596,50,172.728507
-1.221264,50,172.989452
-1.147688,50,173.259106
-2.684844,50,173.531921
-1.308457,50,173.804037
-1.23213,50,174.071148
-1.074474,50,174.314371
-1.197803,50,174.551934
-1.594522,50,174.801036
-1.438909,50,175.053146
-1.098836,50,175.295932
-0.888511,50,175.525841
-0.947335,50,175.769806
-1.166111,50,176.013249
-1.060863,50,176.259128
-1.69534,50,176.48971
-0.957046,50,176.745805
-1.114269,50,177.01005
-1.951636,50,177.271161
-1.603519,50,177.552192
-0.659968,50,177.819687
-1.285324,50,178.073003
-1.620258,50,178.329193
-1.50598,50,178.587693
-1.082575,50,178.857187
-1.304094,50,179.119237
-1.312113,50,179.373401
-1.437395,50,179.631534
-1.449442,50,179.899019
-2.999961,50,180.15849
-1.869671,50,180.419942
-1.320743,50,180.699016
-1.780161,50,180.976127
-1.079239,50,181.257757
-0.775686,50,181.537475
-0.777516,50,181.810261
-0.735682,50,182.051147
-0.910894,50,182.291435
-1.13881,50,182.523494
-0.944133,50,182.760006
-0.981723,50,183.001907
-1.605431,50,183.262148
-1.874172,50,183.520878
-1.134386,50,183.791249
-0.701907,50,184.058053
-1.773548,50,184.313572
-1.372922,50,184.543434
-1.851475,50,184.793442
-2.485098,50,185.03984
-1.220158,50,185.299831
-1.53524,50,185.562896
-1.156252,50,185.827523
-0.939819,50,186.094107
-1.176586,50,186.361907
-1.561381,50,186.623186
-1.133874,50,186.889877
-1.443703,50,187.159148
-1.632483,50,187.399062
-1.444184,50,187.637015
-2.136828,50,187.888979
-1.526237,50,188.149152
-1.209916,50,188.386814
-2.237174,50,188.61927
-1.777021,50,188.871166
-1.129683,50,189.145894
-1.160259,50,189.415098
-1.442734,50,189.68693
-1.372206,50,189.957166
-1.032587,50,190.223888
-0.863892,50,190.472228
-1.561124,50,190.72992
-0.761814,50,190.993987
-1.028213,50,191.268066
-1.712941,50,191.531111
-1.710788,50,191.792108
-1.526215,50,192.05631
-1.008639,50,192.319965
-0.819979,50,192.555804
-1.207341,50,192.796044
-1.46554,50,193.073809
-1.254649,50,193.320202
-1.160865,50,193.553288
-0.781496,50,193.784064
-1.263028,50,194.026871
-1.152225,50,194.269132
-1.087964,50,194.509094
-0.976404,50,194.741896
-0.93272,50,194.975861
-1.147496,50,195.2161
-1.01547,50,195.450181
-1.245081,50,195.681271
-1.18096,50,195.930581
-0.915562,50,196.21295
-0.944107,50,196.48123
-0.938043,50,196.74355
-1.265676,50,197.015752
-1.890788,50,197.259174
-1.401711,50,197.496139
-1.218104,50,197.729083
-1.331694,50,197.965089
-1.237626,50,198.202899
-1.085827,50,198.45582
-1.127671,50,198.687765
-1.914048,50,198.940756
-1.699444,50,199.220271
-1.319585,50,199.483561
-1.440925,50,199.76489
-1.162531,50,200.043375
-1.856939,50,200.309172
-2.435016,50,200.57612
-2.064448,50,200.846078
-1.94953,50,201.120551
-1.133062,50,201.392259
-1.895492,50,201.661942
-1.356257,50,201.925964
-2.186094,50,202.199023
-1.30484,50,202.468436
-1.071828,50,202.744475
-0.929084,50,203.013074
-0.953484,50,203.287082
-0.751185,50,203.563906
-1.332949,50,203.835812
-0.905315,50,204.095753
-0.94243,50,204.35376
-0.988759,50,204.604152
-0.789011,50,204.840199
-1.737616,50,205.097756
-1.016446,50,205.367005
-0.949066,50,205.623614
-1.152318,50,205.883554
-0.812478,50,206.150215
-0.926247,50,206.39583
-1.228181,50,206.640178
-1.59303,50,206.876862
-0.951114,50,207.135026
-1.245834,50,207.417706
-1.435567,50,207.694061
-0.809408,50,207.966091
-1.14784,50,208.222094
-1.319108,50,208.480876
-1.688633,50,208.726972
-1.593189,50,208.960448
-1.339341,50,209.195978
-1.420875,50,209.437518
-1.118609,50,209.689174
-1.268038,50,209.927487
-1.692912,50,210.160059
-4.054833,50,210.39423
-3.938741,50,210.63101
-1.77719,50,210.8631
-0.932535,50,211.101443
-0.875819,50,211.339895
-1.292382,50,211.594591
-1.098522,50,211.826945
-1.05328,50,212.063385
-0.879636,50,212.296517
-0.920507,50,212.535054
-1.349468,50,212.772421
-0.904236,50,213.009065
-0.762541,50,213.241203
-1.023859,50,213.493296
-1.015093,50,213.754368
-1.366615,50,214.018984
-0.831837,50,214.287685
-0.720688,50,214.548767
-1.325798,50,214.797759
-0.744582,50,215.036156
-1.50401,50,215.272353
-0.953645,50,215.518769
-1.174347,50,215.765774
-2.07759,50,216.000818
-1.386594,50,216.241098
-1.445826,50,216.47894
-1.219644,50,216.711204
-1.500722,50,216.946219
-0.775922,50,217.177314
-1.25828,50,217.418892
-1.001101,50,217.647424
-0.923132,50,217.880043
-0.762387,50,218.117844
-0.793843,50,218.389795
-0.94587,50,218.656408
-1.21061,50,218.926154
-0.764178,50,219.187013
-0.904427,50,219.460238
-0.946411,50,219.732789
-1.512984,50,220.003275
-1.12266,50,220.27157
-0.7189,50,220.535867
-1.587683,50,220.782889
-1.701154,50,221.01729
-1.255232,50,221.26207
-0.988432,50,221.501466
-1.196853,50,221.774295
-1.226085,50,222.034106
-0.787585,50,222.303448
-0.999964,50,222.564651
-0.994441,50,222.833284
-1.52397,50,223.103504
-1.164866,50,223.370006
-1.529679,50,223.634666
-1.40692,50,223.877582
-2.291805,50,224.113858
-2.511943,50,224.384181
-2.664853,50,224.651283
-1.830222,50,224.920907
-0.973269,50,225.189214
-0.827469,50,225.461578
-1.043373,50,225.732416
-1.543028,50,226.006929
-0.846716,50,226.277894
-1.07236,50,226.543876
-0.831794,50,226.813957
-1.446235,50,227.090078
-1.482131,50,227.354232
-1.43551,50,227.599267
-0.702903,50,227.868269
-0.80483,50,228.102554
-0.971484,50,228.342122
-1.392927,50,228.57905
-0.62209,50,228.854013
-0.892546,50,229.113103
-1.178601,50,229.34645
-1.071525,50,229.582442
-0.868874,50,229.820325
-1.049531,50,230.054227
-0.863352,50,230.28811
-1.15289,50,230.524164
-1.306995,50,230.760558
-0.678056,50,230.999238
-0.82329,50,231.237992
-0.539792,50,231.47321
-0.605762,50,231.73933
-2.007553,50,231.975118
-0.815998,50,232.210044
-0.983893,50,232.443855
-0.833914,50,232.683782
-1.12536,50,232.922051
-1.465647,50,233.182729
-1.447634,50,233.437975
-1.995151,50,233.679225
-1.168516,50,233.907458
-0.935296,50,234.14229
-0.856989,50,234.37823
-1.429065,50,234.634611
-1.193378,50,234.891783
-0.795299,50,235.142709
-1.917422,50,235.378462
-1.159329,50,235.632921
-0.61565,50,235.872169
-0.838932,50,236.10506
-1.183806,50,236.342992
-1.27883,50,236.594666
-0.885865,50,236.852851
-0.990791,50,237.086079
-0.772044,50,237.324569
-1.175059,50,237.563102
-1.06511,50,237.794068
-1.457808,50,238.032042
-0.90645,50,238.267287
-1.067112,50,238.509014
-1.109479,50,238.749345
-0.964177,50,239.014805
-1.060639,50,239.253655
-0.970828,50,239.514671
-1.044274,50,239.782549
-0.756233,50,240.04357
-1.232713,50,240.309291
-0.669353,50,240.561335
-0.943362,50,240.807196
-1.125358,50,241.052879
-0.996598,50,241.290861
-0.646095,50,241.529557
-1.242357,50,241.783824
-1.100599,50,242.025136
-0.752568,50,242.25905
-0.637895,50,242.506923
-1.198547,50,242.755957
-1.103662,50,243.024605
-1.453925,50,243.266028
-1.113101,50,243.522311
-1.038554,50,243.782053
-1.158168,50,244.050973
-0.980092,50,244.28279
-1.598111,50,244.542521
-2.062424,50,244.806127
-1.58118,50,245.046972
-1.456269,50,245.293632
-1.089839,50,245.53438
-1.218764,50,245.780746
-1.408438,50,246.044295
-0.651469,50,246.283275
-0.938671,50,246.520114
-0.982481,50,246.757129
-1.644217,50,247.004608
-1.119484,50,247.239001
-0.86764,50,247.475782
-0.805559,50,247.710725
-1.271353,50,247.952941
-1.465798,50,248.199832
-1.664587,50,248.440625
-1.253776,50,248.672116
-1.028674,50,248.944389
-0.734736,50,249.187814
-0.870766,50,249.773818
-1.056312,50,250.044999
-1.157694,50,250.293202
-0.50358,50,250.531709
-1.41666,50,250.770065
-1.606248,50,251.004291
-0.698257,50,251.236115
-0.688784,50,251.472951
-1.757866,50,251.710028
-1.120595,50,251.942889
-1.861504,50,252.176154
-1.43927,50,252.414231
-1.478045,50,252.65099
-1.106391,50,252.890868
-1.030508,50,253.164702
-0.757141,50,253.430488
-1.083492,50,253.681598
-1.257984,50,253.921888
-1.407664,50,254.174956
-0.903022,50,254.407347
-0.816693,50,254.650803
-0.837828,50,254.903811
-1.063821,50,255.164426
-0.886159,50,255.401163
-1.140196,50,255.642926
-1.044028,50,255.903669
-1.316667,50,256.167209
-2.243038,50,256.411356
-0.993932,50,256.662361
-1.142367,50,256.909937
-0.815122,50,257.173088
-0.748293,50,257.439281
-0.908468,50,257.701869
-0.853266,50,257.964065
-1.055498,50,258.211032
-1.320744,50,258.452877
-1.165146,50,258.699598
-1.340358,50,258.937015
-1.564089,50,259.173309
-1.375349,50,259.411322
-1.645478,50,259.661035
-1.428296,50,259.941947
-1.79286,50,260.225796
-1.61537,50,260.503434
-0.938128,50,260.775864
-0.961257,50,261.046649
-0.827576,50,261.314865
-0.755229,50,261.592865
-0.946865,50,261.849284
-0.897327,50,262.097214
-1.017551,50,262.338747
-1.152821,50,262.578176
-0.926754,50,262.852462
-0.726879,50,263.089187
-0.843108,50,263.322334
-1.242036,50,263.561396
-0.727448,50,263.797278
-1.348551,50,264.038217
-0.820666,50,264.281256
-1.005525,50,264.518998
-0.885122,50,264.76383
-1.250664,50,265.001944
-1.086785,50,265.23923
-1.133808,50,265.477885
-1.050475,50,265.719438
-1.056969,50,265.974589
-0.956833,50,266.237037
-0.918764,50,266.492698
-1.434864,50,266.771076
-0.937861,50,267.03589
-1.246841,50,267.303925
-0.878264,50,267.577873
-0.803601,50,267.854309
-1.076017,50,268.124985
-1.497922,50,268.38761
-1.013434,50,268.652273
-1.215508,50,268.910867
-1.28747,50,269.168566
-0.747066,50,269.433293
-1.452829,50,269.696197
-1.35137,50,269.969617
-0.881893,50,270.228989
-1.361984,50,270.490602
-1.299459,50,270.755965
-1.171181,50,271.025823
-1.025418,50,271.293876
-1.037782,50,271.564732
-0.548384,50,271.836164
-0.882097,50,272.110086
-0.875648,50,272.373171
-1.731613,50,272.65136
-0.873709,50,272.910244
-1.372559,50,273.177799
-1.412749,50,273.44188
-1.110539,50,273.724136
-1.344753,50,274.002802
-1.375054,50,274.278194
-1.274202,50,274.529567
-0.971503,50,274.779045
-1.019893,50,275.033183
-0.875359,50,275.292158
-1.239415,50,275.570187
-0.92243,50,275.847487
-1.01534,50,276.12605
-1.168913,50,276.384256
-0.75269,50,276.660644
-1.417508,50,276.940464
-0.827168,50,277.217525
-1.06393,50,277.501267
-1.411023,50,277.791134
-1.131142,50,278.044873
-1.011077,50,278.281285
-1.401756,50,278.522223
-1.702153,50,278.761569
-0.924373,50,278.999794
-1.34626,50,279.23518
-0.889053,50,279.484514
-0.975558,50,279.725829
-1.778353,50,279.969008
-1.03359,50,280.208024
-1.072807,50,280.447327
-0.695821,50,280.685048
-0.911795,50,280.928079
-2.622884,50,281.167068
-1.516053,50,281.412459
-1.087403,50,281.649055
-0.844337,50,281.887447
-0.68885,50,282.130299
-0.858631,50,282.369714
-0.721556,50,282.605863
-0.976309,50,282.846876
-0.982408,50,283.084363
-1.220751,50,283.325181
-1.342536,50,283.570461
-1.019064,50,283.809083
-0.965334,50,284.046949
-1.507346,50,284.286941
-0.959662,50,284.524225
-0.995382,50,284.774351
-0.932436,50,285.034246
-1.111695,50,285.304574
-1.416995,50,285.581209
-1.123152,50,285.860087
-1.106384,50,286.114134
-0.828519,50,286.359064
-0.556876,50,286.593637
-1.129724,50,286.831136
-1.094662,50,287.066961
-0.849637,50,287.305981
-0.831261,50,287.540108
-0.878529,50,287.773489
-2.00381,50,288.01485
-0.923981,50,288.254171
-0.723529,50,288.503114
-0.78017,50,288.734152
-1.034509,50,288.982926
-0.765854,50,289.222523
-0.857363,50,289.463291
-1.649967,50,289.698404
-2.023235,50,289.937295
-1.386244,50,290.213869
-1.165733,50,290.487156
-1.354433,50,290.768177
-1.739309,50,291.046778
-0.680413,50,291.287711
-1.14892,50,291.546599
-0.946792,50,291.804032
-0.999323,50,292.057479
-0.937238,50,292.314778
-0.825519,50,292.562372
-1.242474,50,292.818238
-1.552072,50,293.070107
-0.808447,50,293.322715
-1.109405,50,293.575946
-0.781944,50,293.831896
-1.062632,50,294.091626
-1.208386,50,294.356239
-1.043798,50,294.609099
-0.902113,50,294.844211
-1.186816,50,295.078528
-1.656617,50,295.315799
-0.681664,50,295.548715
-1.299484,50,295.784111
-1.432451,50,296.02881
-1.753218,50,296.287702
-0.896818,50,296.550862
-1.151457,50,296.828514
-0.429702,50,297.106983
-1.889747,50,297.386692
-0.942228,50,297.644524
-1.102159,50,297.910623
-0.748701,50,298.177071
-1.419616,50,298.423317
-0.929972,50,298.659865
-0.835961,50,298.893208
-0.789878,50,299.149032
-0.858654,50,299.416576
-0.805532,50,299.672529
-1.056033,50,299.946487
-0.763498,50,300.219715
