#{"t_start": 1769005885.8988116, "env_id": "FetchReach-v4"}
r,l,t
-50.0,50,1.082882
-50.0,50,1.125709
-50.0,50,1.671768
-50.0,50,2.064122
-50.0,50,2.461361
-50.0,50,2.84005
-46.0,50,3.216366
-50.0,50,3.591856
-50.0,50,3.990685
-50.0,50,4.381629
-48.0,50,4.766056
-50.0,50,5.139786
-50.0,50,5.517379
-50.0,50,5.898088
-50.0,50,6.270026
-50.0,50,6.660706
-50.0,50,7.035922
-50.0,50,7.411578
-50.0,50,7.819005
-50.0,50,8.223003
-50.0,50,8.61085
-50.0,50,8.995001
-49.0,50,9.395585
-50.0,50,9.816544
-50.0,50,10.229682
-50.0,50,10.647032
-50.0,50,11.065183
-50.0,50,11.48591
-50.0,50,11.913115
-50.0,50,12.312343
-50.0,50,12.748899
-50.0,50,13.162599
-50.0,50,13.558148
-47.0,50,13.953716
-50.0,50,14.349582
-45.0,50,14.783583
-50.0,50,15.201091
-50.0,50,15.595395
-50.0,50,15.990482
-50.0,50,16.388335
-50.0,50,16.782888
-42.0,50,17.178443
-50.0,50,17.578075
-50.0,50,17.995965
-50.0,50,18.399956
-50.0,50,18.792808
-50.0,50,19.201275
-50.0,50,19.596408
-50.0,50,20.015779
-50.0,50,20.446122
-50.0,50,21.679727
-50.0,50,22.123098
-50.0,50,22.568304
-50.0,50,23.012059
-50.0,50,23.413283
-50.0,50,23.811361
-50.0,50,24.211048
-43.0,50,24.60122
-50.0,50,25.033958
-50.0,50,25.447509
-50.0,50,25.86801
-50.0,50,26.30778
-50.0,50,26.733839
-50.0,50,27.142837
-50.0,50,27.542556
-46.0,50,27.978279
-50.0,50,28.413528
-50.0,50,28.832339
-50.0,50,29.265554
-50.0,50,29.684822
-50.0,50,30.086996
-50.0,50,30.483938
-50.0,50,30.887329
-50.0,50,31.31312
-47.0,50,31.768845
-50.0,50,32.203925
-50.0,50,32.620035
-50.0,50,33.026711
-50.0,50,33.417745
-50.0,50,33.817232
-46.0,50,34.246009
-50.0,50,34.648554
-50.0,50,35.048716
-50.0,50,35.468116
-45.0,50,35.871136
-50.0,50,36.27752
-48.0,50,36.679946
-50.0,50,37.079575
-50.0,50,37.485456
-50.0,50,37.910403
-50.0,50,38.338396
-50.0,50,38.758506
-50.0,50,39.318831
-50.0,50,39.726206
-50.0,50,40.117988
-50.0,50,40.549883
-48.0,50,40.916496
-50.0,50,41.349602
-50.0,50,41.773851
-50.0,50,42.20167
-47.0,50,43.387467
-50.0,50,43.7863
-50.0,50,44.235829
-50.0,50,44.664973
-50.0,50,45.067605
-50.0,50,45.504921
-50.0,50,45.930965
-46.0,50,46.348534
-50.0,50,46.749548
-50.0,50,47.159564
-50.0,50,47.576059
-50.0,50,48.00282
-50.0,50,48.431217
-50.0,50,48.833223
-50.0,50,49.235905
-48.0,50,49.6409
-36.0,50,50.039617
-50.0,50,50.443341
-50.0,50,50.859488
-50.0,50,51.307642
-50.0,50,51.735331
-50.0,50,52.140995
-50.0,50,52.576205
-50.0,50,52.997643
-46.0,50,53.398099
-50.0,50,53.757354
-46.0,50,54.127665
-50.0,50,54.501354
-43.0,50,54.903316
-50.0,50,55.299731
-45.0,50,55.686759
-50.0,50,56.063934
-50.0,50,56.46266
-50.0,50,56.868373
-50.0,50,57.276566
-50.0,50,57.711858
-50.0,50,58.109616
-46.0,50,58.535782
-50.0,50,58.958949
-50.0,50,59.384996
-50.0,50,59.786282
-50.0,50,60.196566
-50.0,50,60.595751
-50.0,50,60.985331
-40.0,50,61.396657
-50.0,50,61.835197
-50.0,50,62.23535
-50.0,50,62.664787
-44.0,50,63.109953
-50.0,50,63.51279
-50.0,50,64.720454
-50.0,50,65.120842
-50.0,50,65.531886
-50.0,50,65.966616
-50.0,50,66.370705
-50.0,50,66.800618
-50.0,50,67.204638
-50.0,50,67.603858
-50.0,50,68.003276
-50.0,50,68.411051
-50.0,50,68.846097
-38.0,50,69.257672
-50.0,50,69.668856
-50.0,50,70.074845
-50.0,50,70.488068
-47.0,50,70.904547
-50.0,50,71.338891
-44.0,50,71.743859
-48.0,50,72.154187
-50.0,50,72.5504
-48.0,50,72.947579
-46.0,50,73.354344
-46.0,50,73.79285
-30.0,50,74.212826
-37.0,50,74.622627
-32.0,50,75.031294
-43.0,50,75.434707
-19.0,50,75.85491
-50.0,50,76.27067
-50.0,50,76.668258
-43.0,50,77.07847
-50.0,50,77.475718
-48.0,50,77.865249
-50.0,50,78.257655
-50.0,50,78.651939
-50.0,50,79.044813
-50.0,50,79.466232
-49.0,50,80.014616
-50.0,50,80.401003
-20.0,50,80.778123
-50.0,50,81.171306
-43.0,50,81.573816
-44.0,50,81.958127
-34.0,50,82.32986
-50.0,50,82.718201
-50.0,50,83.104004
-50.0,50,83.494715
-37.0,50,83.91622
-50.0,50,84.307004
-42.0,50,84.720644
-46.0,50,85.922942
-50.0,50,86.319858
-49.0,50,86.751021
-47.0,50,87.172407
-50.0,50,87.570621
-50.0,50,87.968616
-45.0,50,88.370546
-50.0,50,88.765765
-50.0,50,89.155329
-50.0,50,89.551004
-50.0,50,89.95093
-43.0,50,90.339746
-43.0,50,90.763427
-50.0,50,91.160716
-44.0,50,91.558852
-50.0,50,91.954223
-50.0,50,92.349529
-50.0,50,92.754552
-35.0,50,93.153271
-47.0,50,93.550774
-50.0,50,93.982908
-50.0,50,94.417656
-22.0,50,94.858013
-31.0,50,95.306888
-19.0,50,95.840558
-43.0,50,96.289881
-50.0,50,96.729733
-47.0,50,97.192457
-36.0,50,97.655507
-31.0,50,98.125154
-50.0,50,98.50642
-50.0,50,98.929574
-45.0,50,99.318283
-50.0,50,99.718228
-46.0,50,100.116937
-37.0,50,100.52639
-15.0,50,100.947074
-38.0,50,101.359565
-35.0,50,101.837324
-50.0,50,102.19207
-44.0,50,102.574873
-39.0,50,102.975278
-44.0,50,103.396847
-50.0,50,103.840817
-50.0,50,104.251467
-44.0,50,104.703993
-2.0,50,105.123728
-50.0,50,105.56015
-50.0,50,105.976019
-50.0,50,106.373757
-17.0,50,107.535672
-24.0,50,107.972646
-50.0,50,108.391058
-47.0,50,108.815703
-32.0,50,109.258621
-50.0,50,109.68638
-50.0,50,110.122591
-47.0,50,110.55657
-38.0,50,110.991729
-39.0,50,111.427565
-35.0,50,111.86369
-12.0,50,112.305225
-50.0,50,112.715591
-12.0,50,113.119536
-41.0,50,113.520551
-50.0,50,113.921978
-43.0,50,114.323577
-20.0,50,114.71373
-50.0,50,115.109898
-50.0,50,115.498167
-39.0,50,115.894078
-47.0,50,116.328308
-50.0,50,116.728047
-48.0,50,117.130909
-50.0,50,117.52394
-50.0,50,117.926636
-48.0,50,118.329665
-47.0,50,118.723906
-39.0,50,119.129591
-44.0,50,119.525933
-48.0,50,119.920067
-43.0,50,120.323979
-23.0,50,120.723592
-20.0,50,121.158967
-49.0,50,121.60012
-39.0,50,122.022592
-50.0,50,122.425667
-10.0,50,122.849833
-38.0,50,123.275583
-23.0,50,123.680857
-50.0,50,124.085783
-46.0,50,124.482669
-11.0,50,124.898654
-48.0,50,125.34062
-6.0,50,125.781106
-50.0,50,126.210886
-24.0,50,126.622623
-41.0,50,127.015297
-8.0,50,127.41169
-50.0,50,127.946969
-46.0,50,129.069709
-50.0,50,129.466837
-38.0,50,129.871677
-50.0,50,130.311354
-27.0,50,130.731903
-35.0,50,131.132904
-49.0,50,131.543844
-9.0,50,131.960665
-48.0,50,132.365503
-50.0,50,132.77499
-45.0,50,133.187771
-40.0,50,133.587624
-25.0,50,133.974855
-14.0,50,134.36718
-2.0,50,134.760607
-50.0,50,135.139878
-3.0,50,135.560958
-16.0,50,135.985064
-15.0,50,136.382588
-23.0,50,136.803596
-12.0,50,137.238278
-38.0,50,137.647371
-49.0,50,138.084486
-38.0,50,138.517729
-39.0,50,138.909889
-4.0,50,139.316104
-2.0,50,139.74805
-14.0,50,140.15595
-1.0,50,140.564556
-3.0,50,140.978856
-7.0,50,141.377289
-32.0,50,141.802109
-47.0,50,142.250888
-32.0,50,142.677936
-36.0,50,143.072506
-6.0,50,143.462812
-13.0,50,143.907899
-24.0,50,144.412891
-43.0,50,144.843979
-9.0,50,145.264608
-5.0,50,145.694156
-7.0,50,146.120582
-32.0,50,146.553709
-50.0,50,146.97285
-19.0,50,147.415912
-31.0,50,147.826362
-13.0,50,148.256658
-31.0,50,148.673144
-8.0,50,149.093614
0.0,50,149.535348
-29.0,50,150.781541
-5.0,50,151.22857
-32.0,50,151.658994
-3.0,50,152.074001
-11.0,50,152.524909
-4.0,50,152.958642
-9.0,50,153.408096
-36.0,50,153.829684
-5.0,50,154.265836
-5.0,50,154.691643
-9.0,50,155.105836
-11.0,50,155.554553
-14.0,50,155.981055
-46.0,50,156.420985
-38.0,50,156.842787
-11.0,50,157.268627
-50.0,50,157.693954
-30.0,50,158.114131
-14.0,50,158.557425
-27.0,50,158.986393
-30.0,50,159.419952
-47.0,50,159.834043
-9.0,50,160.26679
-6.0,50,160.701757
-4.0,50,161.118452
-45.0,50,161.563861
-7.0,50,161.980095
-14.0,50,162.401625
-3.0,50,162.814876
-7.0,50,163.23473
-12.0,50,163.676373
-18.0,50,164.095183
-31.0,50,164.543796
-42.0,50,164.984873
-26.0,50,165.420598
-1.0,50,165.840342
-5.0,50,166.287942
-13.0,50,166.728401
-11.0,50,167.156598
-32.0,50,167.607265
-12.0,50,168.03159
-21.0,50,168.476192
-8.0,50,168.898146
-8.0,50,169.329935
-38.0,50,169.764519
-50.0,50,170.186466
0.0,50,170.621954
-10.0,50,171.038885
-3.0,50,171.493918
-26.0,50,171.922326
-3.0,50,173.203537
-38.0,50,173.642784
-2.0,50,174.054698
-2.0,50,174.459867
-5.0,50,174.813833
-5.0,50,175.157994
-3.0,50,175.539721
-3.0,50,175.926491
-2.0,50,176.304902
-4.0,50,176.728876
-2.0,50,177.124827
-21.0,50,177.485988
-3.0,50,177.844018
-6.0,50,178.206544
-2.0,50,178.575995
-4.0,50,178.938361
-6.0,50,179.312105
-3.0,50,179.681846
-5.0,50,180.053435
-3.0,50,180.428333
-38.0,50,180.815363
-2.0,50,181.21187
-27.0,50,181.585407
-26.0,50,181.964544
-8.0,50,182.34624
-1.0,50,182.727139
0.0,50,183.103977
-3.0,50,183.485893
-10.0,50,183.877807
-2.0,50,184.271824
-5.0,50,184.680562
-8.0,50,185.098685
-4.0,50,185.485232
-18.0,50,185.870241
-6.0,50,186.25175
-8.0,50,186.63804
-5.0,50,187.02504
-7.0,50,187.414072
-17.0,50,187.807364
-6.0,50,188.230269
-8.0,50,188.6366
-9.0,50,189.072719
-11.0,50,189.461144
-8.0,50,189.886604
-9.0,50,190.292895
-3.0,50,190.71386
-5.0,50,191.115563
-34.0,50,191.501037
-2.0,50,191.90785
-2.0,50,192.337643
-10.0,50,193.504907
-10.0,50,193.922671
-8.0,50,194.31774
-8.0,50,194.705399
-3.0,50,195.098949
-6.0,50,195.497155
-27.0,50,195.897252
-3.0,50,196.290614
-34.0,50,196.685923
-8.0,50,197.080612
-7.0,50,197.473096
-1.0,50,197.858831
-15.0,50,198.247818
-6.0,50,198.63551
-19.0,50,199.028026
-11.0,50,199.412975
-12.0,50,199.800061
-7.0,50,200.188577
-41.0,50,200.594252
-11.0,50,200.98071
-3.0,50,201.371001
-1.0,50,201.778432
-5.0,50,202.169839
-4.0,50,202.56091
-11.0,50,202.946086
0.0,50,203.326913
-8.0,50,203.731523
-32.0,50,204.129477
-32.0,50,204.512616
-16.0,50,204.928108
-3.0,50,205.333948
-24.0,50,205.72697
-32.0,50,206.124892
-25.0,50,206.513551
-17.0,50,206.925007
-6.0,50,207.3538
-14.0,50,207.743787
-13.0,50,208.133064
-17.0,50,208.520143
-33.0,50,208.909539
-24.0,50,209.293814
-9.0,50,209.678325
-18.0,50,210.064324
-43.0,50,210.467655
-1.0,50,210.847665
-24.0,50,211.248505
-21.0,50,211.648838
-16.0,50,212.165934
-6.0,50,212.550448
-41.0,50,212.895581
-2.0,50,213.991643
-5.0,50,214.419888
-10.0,50,214.818032
-20.0,50,215.239834
-3.0,50,215.636786
-48.0,50,216.092952
-19.0,50,216.538566
-37.0,50,216.943529
-13.0,50,217.331935
-13.0,50,217.751904
-7.0,50,218.141897
-43.0,50,218.559524
-3.0,50,218.943033
-11.0,50,219.409547
-15.0,50,219.797769
-11.0,50,220.190527
-50.0,50,220.585081
-49.0,50,220.968344
-5.0,50,221.36281
-5.0,50,221.778476
-41.0,50,222.192066
-26.0,50,222.609263
-39.0,50,223.025044
-8.0,50,223.446628
-24.0,50,223.906694
-3.0,50,224.370975
-3.0,50,224.838933
-22.0,50,225.188694
-26.0,50,225.558538
-6.0,50,225.959575
-21.0,50,226.35637
-20.0,50,226.757787
-4.0,50,227.192983
-4.0,50,227.638327
-2.0,50,228.02373
-6.0,50,228.406847
-31.0,50,228.791577
-12.0,50,229.183957
-38.0,50,229.590634
-2.0,50,229.985447
-50.0,50,230.367267
-12.0,50,230.740779
-40.0,50,231.119706
-11.0,50,231.546298
-8.0,50,231.963142
-4.0,50,232.357885
-8.0,50,232.748294
-3.0,50,233.189832
-5.0,50,233.643546
-1.0,50,234.015776
-12.0,50,235.121893
-22.0,50,235.530828
-28.0,50,235.938137
-1.0,50,236.307102
-3.0,50,236.688276
-3.0,50,237.072701
-30.0,50,237.45267
0.0,50,237.836189
-3.0,50,238.311346
-14.0,50,238.706307
-22.0,50,239.091941
-3.0,50,239.475885
-5.0,50,239.867207
-50.0,50,240.338735
-4.0,50,240.692076
-3.0,50,241.050634
-3.0,50,241.429477
-9.0,50,241.827799
-2.0,50,242.237839
-25.0,50,242.697891
-1.0,50,243.140751
-4.0,50,243.585821
-7.0,50,244.010738
-3.0,50,244.41624
-5.0,50,244.812884
-2.0,50,245.208369
-39.0,50,245.569773
-19.0,50,245.927179
-6.0,50,246.297366
-13.0,50,246.689581
-4.0,50,247.135984
-9.0,50,247.498387
-3.0,50,247.90736
-9.0,50,248.291484
-7.0,50,248.670964
-4.0,50,249.084374
-14.0,50,249.45084
-3.0,50,249.852174
-5.0,50,250.319677
-2.0,50,250.679715
0.0,50,251.033744
-19.0,50,251.387984
-24.0,50,251.737745
-10.0,50,252.100748
-10.0,50,252.476634
0.0,50,252.952666
-48.0,50,253.348859
-46.0,50,253.725333
-19.0,50,254.120272
-4.0,50,254.477462
-14.0,50,255.606459
-4.0,50,256.055173
-3.0,50,256.488131
-2.0,50,256.839726
-50.0,50,257.202909
-7.0,50,257.556954
-18.0,50,257.908721
-4.0,50,258.282526
-5.0,50,258.690473
-6.0,50,259.129746
-1.0,50,259.594483
-3.0,50,259.974631
-3.0,50,260.353593
-48.0,50,260.715782
-30.0,50,261.095862
-1.0,50,261.498954
-28.0,50,261.923755
-1.0,50,262.32783
-26.0,50,262.705268
-2.0,50,263.092792
-33.0,50,263.472862
-1.0,50,263.853845
-6.0,50,264.269656
-8.0,50,264.653483
-4.0,50,265.04338
-2.0,50,265.440081
-23.0,50,265.867587
-12.0,50,266.296529
-14.0,50,266.724833
-3.0,50,267.16084
0.0,50,267.596282
-19.0,50,268.149571
-7.0,50,268.545862
-2.0,50,268.950319
-3.0,50,269.371861
-3.0,50,269.837075
-2.0,50,270.255931
-3.0,50,270.649475
-1.0,50,271.067028
-2.0,50,271.482765
-1.0,50,271.904124
-5.0,50,272.366294
-18.0,50,272.749925
-2.0,50,273.112544
-50.0,50,273.55975
-38.0,50,273.937967
-8.0,50,274.328308
-4.0,50,274.723903
-2.0,50,275.158195
-20.0,50,275.6255
-21.0,50,276.7904
-4.0,50,277.337298
-50.0,50,277.762641
-25.0,50,278.135899
-47.0,50,278.520491
-42.0,50,278.871022
-16.0,50,279.225232
-1.0,50,279.688199
-50.0,50,280.057677
-28.0,50,280.430968
-19.0,50,280.785917
-3.0,50,281.151641
-41.0,50,281.541015
-4.0,50,281.921386
-2.0,50,282.30534
-7.0,50,282.681292
-13.0,50,283.055008
-31.0,50,283.442829
-2.0,50,283.821722
-8.0,50,284.214524
-17.0,50,284.61686
-8.0,50,285.006636
-9.0,50,285.413904
-3.0,50,285.823711
-3.0,50,286.243539
-10.0,50,286.64176
0.0,50,287.041744
-10.0,50,287.431026
-4.0,50,287.824307
-8.0,50,288.217033
-3.0,50,288.613551
-6.0,50,289.005302
-44.0,50,289.399883
-16.0,50,289.792743
-5.0,50,290.181795
-3.0,50,290.575656
-1.0,50,290.967555
-9.0,50,291.378234
-32.0,50,291.791662
-2.0,50,292.192954
-27.0,50,292.606794
-7.0,50,293.035711
-7.0,50,293.459649
0.0,50,293.87833
-12.0,50,294.297184
-3.0,50,294.687627
-42.0,50,295.095679
-15.0,50,295.489555
0.0,50,295.884188
-48.0,50,296.280897
-26.0,50,297.455937
-7.0,50,297.855669
-17.0,50,298.265117
-39.0,50,298.672541
-3.0,50,299.067927
-2.0,50,299.465228
-20.0,50,299.863266
-13.0,50,300.270999
-28.0,50,300.665831
-2.0,50,301.06171
-5.0,50,301.458831
0.0,50,301.85443
-12.0,50,302.248269
-46.0,50,302.64743
-19.0,50,303.077191
-2.0,50,303.508035
-28.0,50,303.935174
-15.0,50,304.376703
-26.0,50,304.830609
-3.0,50,305.284943
-36.0,50,305.736063
-6.0,50,306.180708
-30.0,50,306.627852
-3.0,50,307.060935
-9.0,50,307.506449
-7.0,50,307.93338
-2.0,50,308.368495
-6.0,50,308.809531
-8.0,50,309.25196
-20.0,50,309.673248
-24.0,50,310.070524
-3.0,50,310.472828
-4.0,50,310.869595
-4.0,50,311.268344
-3.0,50,311.674083
-9.0,50,312.075166
-28.0,50,312.513537
-10.0,50,312.972726
-2.0,50,313.41161
-49.0,50,313.879457
-26.0,50,314.326418
-5.0,50,314.804584
-30.0,50,315.238904
-2.0,50,315.644878
-2.0,50,316.047147
-10.0,50,316.444701
-3.0,50,316.905969
-48.0,50,317.270268
-9.0,50,317.642699
-2.0,50,318.011738
-40.0,50,319.195443
-5.0,50,319.622771
-3.0,50,320.046767
-3.0,50,320.49048
-28.0,50,320.923933
-13.0,50,321.324073
-24.0,50,321.743553
-7.0,50,322.156821
-7.0,50,322.586137
-2.0,50,323.013704
-28.0,50,323.460248
-3.0,50,323.908307
-24.0,50,324.304808
-3.0,50,324.719606
-21.0,50,325.157843
-3.0,50,325.60173
-41.0,50,326.029515
-16.0,50,326.4598
-14.0,50,326.900807
-45.0,50,327.304555
-2.0,50,327.719437
-8.0,50,328.12059
-14.0,50,328.55947
-14.0,50,329.009031
-38.0,50,329.454891
-4.0,50,329.904822
-20.0,50,330.317962
-2.0,50,330.786258
-4.0,50,331.20706
-9.0,50,331.622651
-50.0,50,332.036981
-36.0,50,332.45602
-3.0,50,332.850951
-7.0,50,333.245439
-10.0,50,333.666302
-42.0,50,334.109901
-26.0,50,334.558189
-19.0,50,335.006433
-43.0,50,335.405399
-31.0,50,335.829433
-21.0,50,336.272884
-4.0,50,336.719517
-34.0,50,337.156014
0.0,50,337.61979
-18.0,50,338.042236
-3.0,50,338.517081
-3.0,50,338.967393
-6.0,50,339.398291
-35.0,50,339.832691
-18.0,50,340.269761
-28.0,50,341.526155
-7.0,50,342.008824
-9.0,50,342.46163
-21.0,50,342.907324
-12.0,50,343.302995
-1.0,50,343.692598
-15.0,50,344.131265
-1.0,50,344.557174
-9.0,50,344.987644
-2.0,50,345.403365
-8.0,50,345.809961
-8.0,50,346.229932
-13.0,50,346.652754
-4.0,50,347.079623
-7.0,50,347.516521
-45.0,50,347.934822
-5.0,50,348.320835
-11.0,50,348.736508
-17.0,50,349.177193
-4.0,50,349.619444
-9.0,50,350.052445
-3.0,50,350.490728
-26.0,50,350.935012
-5.0,50,351.37194
-17.0,50,351.850301
-1.0,50,352.288497
-10.0,50,352.749941
-18.0,50,353.192614
-50.0,50,353.585578
-6.0,50,353.990513
-30.0,50,354.409969
-2.0,50,354.811937
-15.0,50,355.222569
-18.0,50,355.650272
-34.0,50,356.087169
-12.0,50,356.51978
-30.0,50,356.952812
-4.0,50,357.374254
-11.0,50,357.807968
-6.0,50,358.236224
-10.0,50,358.621359
-1.0,50,359.02183
-8.0,50,359.476402
-50.0,50,359.903653
-33.0,50,360.340618
-41.0,50,360.77332
-4.0,50,361.209518
-12.0,50,361.648337
-10.0,50,362.091208
-31.0,50,362.540579
-1.0,50,363.730132
-3.0,50,364.144549
-6.0,50,364.556499
-4.0,50,364.967952
-6.0,50,365.422771
-4.0,50,365.839536
-11.0,50,366.263013
-23.0,50,366.693959
-2.0,50,367.129492
-25.0,50,367.513441
-26.0,50,367.921574
-1.0,50,368.354718
-4.0,50,368.772386
-4.0,50,369.176459
-5.0,50,369.56189
-21.0,50,369.951019
-4.0,50,370.38051
-3.0,50,370.765021
-2.0,50,371.198
-1.0,50,371.600546
-11.0,50,371.985453
-11.0,50,372.3783
-4.0,50,372.764924
-7.0,50,373.195316
-5.0,50,373.621449
-6.0,50,374.011729
-3.0,50,374.430744
-4.0,50,374.821811
-9.0,50,375.208366
-13.0,50,375.621387
-37.0,50,376.055821
-2.0,50,376.45298
-3.0,50,376.842796
-29.0,50,377.271746
-6.0,50,377.683889
-12.0,50,378.073978
-17.0,50,378.472725
-2.0,50,378.859591
-17.0,50,379.261081
-5.0,50,379.663786
-3.0,50,380.065149
-4.0,50,380.456251
-4.0,50,380.846475
-3.0,50,381.27051
0.0,50,381.658168
-5.0,50,382.079859
-11.0,50,382.512294
-5.0,50,382.910908
-5.0,50,383.376163
-3.0,50,383.764264
-26.0,50,384.976948
-2.0,50,385.381512
-6.0,50,385.779719
0.0,50,386.177063
-6.0,50,386.574765
-5.0,50,386.991676
-15.0,50,387.401892
-26.0,50,387.850031
-4.0,50,388.283586
-7.0,50,388.709828
-10.0,50,389.15359
-2.0,50,389.548368
-6.0,50,389.997667
-16.0,50,390.434064
-6.0,50,390.868295
-29.0,50,391.291705
-9.0,50,391.72299
-4.0,50,392.135981
-7.0,50,392.563726
-28.0,50,392.949764
-8.0,50,393.368381
-13.0,50,393.773693
-38.0,50,394.186818
-2.0,50,394.608014
-35.0,50,395.049714
-3.0,50,395.487366
-48.0,50,395.907979
-4.0,50,396.315919
0.0,50,396.710514
-1.0,50,397.131001
-37.0,50,397.55986
-1.0,50,397.962958
-6.0,50,398.363727
-4.0,50,398.779764
-43.0,50,399.221918
-2.0,50,399.634469
0.0,50,400.048718
-23.0,50,400.471473
-2.0,50,400.858627
-2.0,50,401.245651
-6.0,50,401.638221
-10.0,50,402.036165
-4.0,50,402.491174
-1.0,50,402.940463
-4.0,50,403.375743
-17.0,50,403.803875
-13.0,50,404.197555
-3.0,50,404.595145
-27.0,50,405.025386
-21.0,50,405.475154
-2.0,50,406.732974
-20.0,50,407.150138
-5.0,50,407.585789
-3.0,50,408.016423
-39.0,50,408.419831
-21.0,50,408.836429
-2.0,50,409.236435
-2.0,50,409.640797
-39.0,50,410.038548
-3.0,50,410.434639
-2.0,50,410.832893
-3.0,50,411.226749
-15.0,50,411.625018
-1.0,50,412.021815
-2.0,50,412.419961
-1.0,50,412.820624
-17.0,50,413.256843
-32.0,50,413.70581
-3.0,50,414.15952
-3.0,50,414.584684
-3.0,50,415.017208
-11.0,50,415.405828
-2.0,50,415.839869
-1.0,50,416.258209
-2.0,50,416.702724
-4.0,50,417.128288
-2.0,50,417.677423
-6.0,50,418.066203
-3.0,50,418.502737
-14.0,50,418.892735
-3.0,50,419.267251
-18.0,50,419.664702
-3.0,50,420.038761
-2.0,50,420.432577
-6.0,50,420.868169
-8.0,50,421.365751
-6.0,50,421.758326
-33.0,50,422.1548
-4.0,50,422.520793
-4.0,50,422.898777
-8.0,50,423.270818
-29.0,50,423.654991
-3.0,50,424.06291
-3.0,50,424.46969
-19.0,50,424.89348
-8.0,50,425.299762
-3.0,50,425.687328
-12.0,50,426.082191
-8.0,50,426.647155
-18.0,50,427.029453
-23.0,50,428.158197
-3.0,50,428.521118
-8.0,50,428.986803
-39.0,50,429.36774
-9.0,50,429.737425
-2.0,50,430.196796
-6.0,50,430.572319
-16.0,50,430.942871
-5.0,50,431.298562
-3.0,50,431.718155
-19.0,50,432.158165
-3.0,50,432.570607
-20.0,50,432.979659
-5.0,50,433.366098
-5.0,50,433.754347
-4.0,50,434.140634
-3.0,50,434.51476
-3.0,50,434.910325
-4.0,50,435.29502
-2.0,50,435.75851
-5.0,50,436.136883
-7.0,50,436.533414
-6.0,50,436.920884
-1.0,50,437.277253
-11.0,50,437.656378
-1.0,50,438.079738
-2.0,50,438.486825
-13.0,50,438.870309
-3.0,50,439.250935
-2.0,50,439.638332
-3.0,50,440.042245
-13.0,50,440.44858
-15.0,50,440.849695
-2.0,50,441.282406
-3.0,50,441.708356
-7.0,50,442.096045
-15.0,50,442.481642
0.0,50,442.892788
-3.0,50,443.328249
-15.0,50,443.749899
-4.0,50,444.145404
-19.0,50,444.561597
-2.0,50,444.963542
-7.0,50,445.363477
-12.0,50,445.786155
0.0,50,446.183381
0.0,50,446.579762
-12.0,50,447.006677
-1.0,50,447.43722
-1.0,50,447.846655
-3.0,50,449.04506
-8.0,50,449.471621
-3.0,50,449.859402
-4.0,50,450.251421
-3.0,50,450.64279
-3.0,50,451.083557
-1.0,50,451.499465
-5.0,50,451.883706
-4.0,50,452.266373
-19.0,50,452.652977
-1.0,50,453.061312
-21.0,50,453.481581
-12.0,50,453.86708
-9.0,50,454.321052
-3.0,50,454.763072
-4.0,50,455.190433
-8.0,50,455.626279
-3.0,50,456.126882
-3.0,50,456.623708
-2.0,50,457.03687
0.0,50,457.418192
-6.0,50,457.797457
-2.0,50,458.200756
0.0,50,458.593025
-1.0,50,459.114798
-25.0,50,459.561535
-2.0,50,459.967004
-3.0,50,460.392583
-2.0,50,460.772622
-2.0,50,461.17277
0.0,50,461.571649
-3.0,50,461.959517
-2.0,50,462.331417
-2.0,50,462.714898
-3.0,50,463.141517
-3.0,50,463.533831
-3.0,50,463.941487
-6.0,50,464.341642
-5.0,50,464.72087
-3.0,50,465.108803
-8.0,50,465.494431
-16.0,50,465.876027
-5.0,50,466.268847
-2.0,50,466.655246
-2.0,50,467.054874
-6.0,50,467.481059
-2.0,50,467.925023
-3.0,50,468.368265
-3.0,50,468.809864
-7.0,50,469.25817
-1.0,50,470.483845
-16.0,50,470.917095
-3.0,50,471.376645
-9.0,50,471.828332
0.0,50,472.27802
-3.0,50,472.688058
-3.0,50,473.0887
-2.0,50,473.487245
-2.0,50,473.886465
-7.0,50,474.319832
0.0,50,474.716174
-6.0,50,475.121865
-2.0,50,475.598023
-3.0,50,476.036576
-3.0,50,476.476782
-1.0,50,476.914119
-3.0,50,477.361237
-2.0,50,477.811164
-2.0,50,478.239417
-8.0,50,478.689402
-2.0,50,479.120805
0.0,50,479.525521
-6.0,50,479.955387
-3.0,50,480.397692
-3.0,50,480.804887
-2.0,50,481.204857
-2.0,50,481.696227
-3.0,50,482.12104
-1.0,50,482.539522
-7.0,50,482.95276
-1.0,50,483.373792
-12.0,50,483.823694
-2.0,50,484.231395
-1.0,50,484.604531
-1.0,50,485.00708
-2.0,50,485.411777
0.0,50,485.81651
-2.0,50,486.219082
-3.0,50,486.651094
0.0,50,487.062686
-5.0,50,487.453712
-2.0,50,487.847292
-4.0,50,488.23838
-31.0,50,488.655051
-3.0,50,489.088168
-3.0,50,489.481595
-3.0,50,489.916598
-3.0,50,490.361665
-2.0,50,490.809412
-1.0,50,491.222721
-1.0,50,492.396997
-3.0,50,492.791734
-4.0,50,493.183497
-2.0,50,493.573414
-4.0,50,493.963575
-1.0,50,494.355734
-1.0,50,494.771654
-5.0,50,495.209745
0.0,50,495.613444
-1.0,50,496.015785
-2.0,50,496.414886
-2.0,50,496.814451
-3.0,50,497.216538
-2.0,50,497.615542
-1.0,50,498.009454
-1.0,50,498.421586
-4.0,50,498.870302
-3.0,50,499.315816
-6.0,50,499.738059
-1.0,50,500.149634
-3.0,50,500.576715
-13.0,50,500.988156
-9.0,50,501.42378
-1.0,50,501.857306
-2.0,50,502.290056
-3.0,50,502.727847
-3.0,50,503.165891
-2.0,50,503.585288
-1.0,50,503.9833
-6.0,50,504.414534
-5.0,50,504.814493
-2.0,50,505.209728
0.0,50,505.603947
-20.0,50,506.004322
-4.0,50,506.399591
-2.0,50,506.811415
-2.0,50,507.23305
-8.0,50,507.651865
-3.0,50,508.050796
-2.0,50,508.451756
-8.0,50,508.846318
-3.0,50,509.290003
-2.0,50,509.693738
-2.0,50,510.089454
0.0,50,510.502176
-3.0,50,510.925338
0.0,50,511.356988
-15.0,50,511.756671
-3.0,50,512.157716
-2.0,50,512.556823
-1.0,50,513.724691
-3.0,50,514.120562
-1.0,50,514.523247
-6.0,50,514.94052
-1.0,50,515.35237
-1.0,50,515.755371
-5.0,50,516.147868
-1.0,50,516.544192
-2.0,50,516.944713
-2.0,50,517.342337
-2.0,50,517.738747
-8.0,50,518.13106
0.0,50,518.522658
-2.0,50,518.915862
-29.0,50,519.31154
-3.0,50,519.704427
-3.0,50,520.106235
-3.0,50,520.50167
-12.0,50,520.903831
-6.0,50,521.298395
-3.0,50,521.695091
-2.0,50,522.094568
-7.0,50,522.487132
-3.0,50,522.890967
-8.0,50,523.320818
-1.0,50,523.714931
-2.0,50,524.120377
-5.0,50,524.517106
-2.0,50,524.917729
-3.0,50,525.313103
-3.0,50,525.709897
-1.0,50,526.120487
-4.0,50,526.52365
-3.0,50,526.922065
-1.0,50,527.319543
0.0,50,527.71504
-8.0,50,528.1179
-6.0,50,528.509764
-1.0,50,528.902206
-2.0,50,529.296103
-2.0,50,529.695007
-1.0,50,530.108729
-2.0,50,530.508468
-1.0,50,530.907039
-2.0,50,531.312514
-3.0,50,531.70695
-1.0,50,532.117192
-3.0,50,532.525283
-2.0,50,532.923274
-4.0,50,533.359684
-2.0,50,534.516114
-3.0,50,534.916909
0.0,50,535.313726
-3.0,50,535.714162
-6.0,50,536.114674
-4.0,50,536.510285
-2.0,50,536.91269
-5.0,50,537.314742
-1.0,50,537.705965
-3.0,50,538.108203
-3.0,50,538.523007
-2.0,50,538.920735
-9.0,50,539.323737
-9.0,50,539.723692
-3.0,50,540.137664
-3.0,50,540.553412
-3.0,50,540.946809
0.0,50,541.350762
-1.0,50,541.744118
0.0,50,542.137974
-2.0,50,542.536118
-3.0,50,542.941053
-3.0,50,543.340681
-2.0,50,543.739366
0.0,50,544.13564
-5.0,50,544.535598
-1.0,50,544.967827
-2.0,50,545.360781
-3.0,50,545.786821
-1.0,50,546.23176
-2.0,50,546.674977
-2.0,50,547.0785
0.0,50,547.469667
-4.0,50,547.868476
-2.0,50,548.26385
-3.0,50,548.658567
-1.0,50,549.057534
-1.0,50,549.450557
-5.0,50,549.875171
-1.0,50,550.258283
0.0,50,550.644345
-2.0,50,551.029603
-3.0,50,551.413139
-2.0,50,551.800666
-3.0,50,552.191466
-2.0,50,552.585677
-1.0,50,552.973812
-3.0,50,553.376735
0.0,50,553.769345
-1.0,50,554.163622
-3.0,50,555.324987
-7.0,50,555.764473
-6.0,50,556.201611
-2.0,50,556.601263
-3.0,50,557.028502
-5.0,50,557.468366
-4.0,50,557.900454
0.0,50,558.299731
-3.0,50,558.706407
-2.0,50,559.140116
-3.0,50,559.539395
-3.0,50,559.936997
-3.0,50,560.335201
-5.0,50,560.73705
-2.0,50,561.177589
-11.0,50,561.619568
-2.0,50,562.076383
-2.0,50,562.537477
-2.0,50,562.947153
-2.0,50,563.347458
-2.0,50,563.72815
0.0,50,564.208224
-3.0,50,564.608342
-3.0,50,565.026408
-1.0,50,565.41466
0.0,50,565.810434
-1.0,50,566.21473
-2.0,50,566.604958
-1.0,50,567.002826
-1.0,50,567.398165
-2.0,50,567.786658
0.0,50,568.173675
0.0,50,568.566298
0.0,50,568.976859
-2.0,50,569.407219
-6.0,50,569.847389
-2.0,50,570.261343
0.0,50,570.652728
-3.0,50,571.080854
-1.0,50,571.499645
-3.0,50,571.907293
-2.0,50,572.351856
-1.0,50,572.748039
-3.0,50,573.141016
-3.0,50,573.545775
-2.0,50,573.93969
-2.0,50,574.338017
-2.0,50,574.777503
-2.0,50,575.21823
-1.0,50,575.656759
0.0,50,576.830391
-17.0,50,577.228311
-2.0,50,577.627486
-2.0,50,578.047045
-1.0,50,578.483439
-1.0,50,578.886317
0.0,50,579.279361
-4.0,50,579.683878
-3.0,50,580.112606
-4.0,50,580.545078
-1.0,50,580.980783
-2.0,50,581.386348
-3.0,50,581.804831
-4.0,50,582.288306
-1.0,50,582.719526
-2.0,50,583.141795
-3.0,50,583.554192
-1.0,50,583.97219
-2.0,50,584.391777
-1.0,50,584.785032
-4.0,50,585.181165
-1.0,50,585.598741
-10.0,50,586.031397
-2.0,50,586.465394
-12.0,50,586.946812
-3.0,50,587.381589
-2.0,50,587.824069
-2.0,50,588.270768
-3.0,50,588.70766
-2.0,50,589.155956
-2.0,50,589.613277
-5.0,50,590.061339
-2.0,50,590.509448
-1.0,50,590.953617
-1.0,50,591.406625
-3.0,50,591.860618
-3.0,50,592.314715
-2.0,50,592.769576
-5.0,50,593.213782
-2.0,50,593.659533
-3.0,50,594.102641
-2.0,50,594.542625
-3.0,50,594.989723
-3.0,50,595.450985
-1.0,50,595.898303
-1.0,50,596.347897
-3.0,50,596.779981
-3.0,50,597.227646
-3.0,50,597.685169
-3.0,50,598.138093
-1.0,50,599.318797
-3.0,50,599.75345
-2.0,50,600.192345
-2.0,50,600.63735
-3.0,50,601.082685
-3.0,50,601.531594
-3.0,50,601.979447
-3.0,50,602.424809
-2.0,50,602.868354
-3.0,50,603.325726
-6.0,50,603.772742
-3.0,50,604.214838
-2.0,50,604.62818
-3.0,50,605.023986
-1.0,50,605.417463
-2.0,50,605.82936
-2.0,50,606.226393
-1.0,50,606.626045
-2.0,50,607.024701
-3.0,50,607.424524
-1.0,50,607.821713
-3.0,50,608.259491
-1.0,50,608.69144
-3.0,50,609.145985
-2.0,50,609.580603
0.0,50,609.978022
-1.0,50,610.375349
-2.0,50,610.787566
-6.0,50,611.22266
-1.0,50,611.658016
-1.0,50,612.095841
-3.0,50,612.539864
-1.0,50,612.981418
-2.0,50,613.388253
-1.0,50,613.791248
-1.0,50,614.194485
-1.0,50,614.59175
-1.0,50,614.99256
-1.0,50,615.389565
-1.0,50,615.794335
-1.0,50,616.19536
-5.0,50,616.62336
-2.0,50,617.019656
0.0,50,617.417529
-1.0,50,617.816651
-3.0,50,618.247171
-2.0,50,618.664846
-3.0,50,619.050553
-1.0,50,619.448019
-2.0,50,619.881569
-2.0,50,621.085914
-3.0,50,621.498026
-2.0,50,621.894439
-2.0,50,622.29358
-2.0,50,622.680674
0.0,50,623.074652
-5.0,50,623.478078
-2.0,50,623.867816
-2.0,50,624.298223
-3.0,50,624.728071
0.0,50,625.135365
-2.0,50,625.532687
-1.0,50,625.925179
-4.0,50,626.37565
-1.0,50,626.809629
-3.0,50,627.201541
0.0,50,627.591516
-3.0,50,628.002367
-3.0,50,628.418672
-2.0,50,628.850506
-3.0,50,629.294407
-6.0,50,629.759605
-8.0,50,630.146724
0.0,50,630.530889
-4.0,50,630.971451
-7.0,50,631.411644
-1.0,50,631.851513
-1.0,50,632.260647
-2.0,50,632.656583
-1.0,50,633.060431
-3.0,50,633.453619
-3.0,50,633.864357
-2.0,50,634.260391
-3.0,50,634.656416
-1.0,50,635.061695
-3.0,50,635.459465
-1.0,50,635.850434
-5.0,50,636.235931
-2.0,50,636.625667
-2.0,50,637.019472
-2.0,50,637.415102
-2.0,50,637.828257
-1.0,50,638.25657
-2.0,50,638.655877
-3.0,50,639.090959
-3.0,50,639.486686
-3.0,50,639.876724
-3.0,50,640.274238
0.0,50,640.672395
-1.0,50,641.091259
0.0,50,642.246357
-3.0,50,642.654095
-2.0,50,643.06799
-9.0,50,643.463657
-3.0,50,643.892674
-2.0,50,644.278165
-2.0,50,644.670098
-3.0,50,645.076019
-2.0,50,645.457007
-5.0,50,645.850385
-2.0,50,646.240685
-3.0,50,646.63528
-1.0,50,647.048194
-2.0,50,647.446393
-3.0,50,647.843582
-1.0,50,648.241529
-2.0,50,648.634902
-2.0,50,649.047853
-10.0,50,649.44101
-2.0,50,649.849999
-6.0,50,650.259754
-1.0,50,650.652311
-3.0,50,651.052487
-1.0,50,651.456207
-1.0,50,651.848204
-2.0,50,652.244615
0.0,50,652.643262
-2.0,50,653.052112
-2.0,50,653.444792
-1.0,50,653.897371
-1.0,50,654.43395
0.0,50,654.900213
-2.0,50,655.28458
-11.0,50,655.699557
-2.0,50,656.069427
-2.0,50,656.415809
-3.0,50,656.79422
0.0,50,657.204487
-2.0,50,657.672809
-3.0,50,658.083857
-2.0,50,658.458145
0.0,50,658.839592
-2.0,50,659.292851
-1.0,50,659.701636
-4.0,50,660.117245
-2.0,50,660.485723
-3.0,50,660.851679
-2.0,50,661.223951
-3.0,50,661.612113
0.0,50,662.096343
-2.0,50,663.174824
-2.0,50,663.550719
-2.0,50,663.957307
0.0,50,664.359681
-6.0,50,664.779561
0.0,50,665.199646
-2.0,50,665.620602
-2.0,50,666.062603
-2.0,50,666.483871
-2.0,50,666.916166
-3.0,50,667.348731
-2.0,50,667.905476
-1.0,50,668.319361
-3.0,50,668.707976
-1.0,50,669.095629
-1.0,50,669.483756
-2.0,50,669.920496
-1.0,50,670.371646
0.0,50,670.789395
-2.0,50,671.216505
-2.0,50,671.643609
-2.0,50,672.047474
-1.0,50,672.442859
-2.0,50,672.868222
-1.0,50,673.251373
-1.0,50,673.796533
-3.0,50,674.232401
-2.0,50,674.680582
-1.0,50,675.063504
-1.0,50,675.438031
-1.0,50,675.829486
-1.0,50,676.2241
-1.0,50,676.637703
-1.0,50,677.06199
-1.0,50,677.494399
-1.0,50,677.920408
-2.0,50,678.332427
-1.0,50,678.743682
0.0,50,679.171068
-2.0,50,679.615348
-3.0,50,680.049307
-3.0,50,680.499545
-2.0,50,680.897859
-2.0,50,681.289626
-3.0,50,681.683915
-2.0,50,682.076659
0.0,50,682.468776
0.0,50,682.865422
-2.0,50,683.25849
-2.0,50,683.662778
-3.0,50,684.890357
-1.0,50,685.326629
-1.0,50,685.768584
-3.0,50,686.214538
-1.0,50,686.655214
-1.0,50,687.076176
0.0,50,687.517466
-2.0,50,687.924025
-2.0,50,688.323706
-2.0,50,688.721368
0.0,50,689.149565
-3.0,50,689.583434
-3.0,50,690.019756
-1.0,50,690.453917
-2.0,50,690.884078
-2.0,50,691.320318
-3.0,50,691.7556
-6.0,50,692.208518
-2.0,50,692.642169
-2.0,50,693.05769
-1.0,50,693.498583
-2.0,50,693.902245
-1.0,50,694.295284
-2.0,50,694.686946
-1.0,50,695.110493
-2.0,50,695.529815
-2.0,50,695.949361
-1.0,50,696.369394
-2.0,50,696.790718
-1.0,50,697.234398
-1.0,50,697.680662
-1.0,50,698.123991
-4.0,50,698.5693
-2.0,50,699.008202
-1.0,50,699.445447
-3.0,50,699.885922
-3.0,50,700.325598
-2.0,50,700.770449
-3.0,50,701.210778
-2.0,50,701.653546
-3.0,50,702.100729
-2.0,50,702.534795
-2.0,50,702.948524
-2.0,50,703.36475
-2.0,50,703.790632
-2.0,50,704.187931
-2.0,50,704.611853
-2.0,50,705.008453
-2.0,50,705.398728
-2.0,50,705.794568
-2.0,50,706.956124
-2.0,50,707.383503
-2.0,50,707.819496
0.0,50,708.243049
-3.0,50,708.690991
-1.0,50,709.09142
-1.0,50,709.487149
-14.0,50,709.882764
-1.0,50,710.269303
-1.0,50,710.654709
-7.0,50,711.069355
-2.0,50,711.45441
-2.0,50,711.857724
-2.0,50,712.29472
-2.0,50,712.72973
0.0,50,713.128166
-2.0,50,713.536716
-2.0,50,713.967461
-1.0,50,714.401325
-1.0,50,714.837298
-1.0,50,715.269921
-2.0,50,715.705811
-1.0,50,716.130798
-5.0,50,716.520618
-3.0,50,716.912697
-3.0,50,717.344557
-2.0,50,717.776427
0.0,50,718.211406
-2.0,50,718.643513
-1.0,50,719.084779
-1.0,50,719.495072
-2.0,50,719.891381
-3.0,50,720.284599
-1.0,50,720.67145
-2.0,50,721.068567
0.0,50,721.453521
-1.0,50,721.844014
-2.0,50,722.246182
-2.0,50,722.659603
-2.0,50,723.08723
-3.0,50,723.48819
-5.0,50,723.877497
-3.0,50,724.305187
-2.0,50,724.739942
-2.0,50,725.175929
-6.0,50,725.611089
-4.0,50,726.033952
-1.0,50,726.426558
-2.0,50,726.818166
-2.0,50,727.208719
-3.0,50,728.354693
-2.0,50,728.792909
-3.0,50,729.216604
-2.0,50,729.630794
-1.0,50,730.028188
-1.0,50,730.421046
-2.0,50,730.854794
-1.0,50,731.271077
-3.0,50,731.703741
-8.0,50,732.137766
0.0,50,732.576274
-1.0,50,733.014995
-2.0,50,733.422769
-3.0,50,733.819679
-2.0,50,734.226213
-1.0,50,734.66101
0.0,50,735.08934
-3.0,50,735.484569
-3.0,50,735.931734
-1.0,50,736.335822
-2.0,50,736.723172
-3.0,50,737.116692
-3.0,50,737.509421
-2.0,50,737.894198
-2.0,50,738.29043
-1.0,50,738.717975
-1.0,50,739.147878
-2.0,50,739.590879
-1.0,50,739.982452
-2.0,50,740.386184
-3.0,50,740.810298
-2.0,50,741.196322
-2.0,50,741.595682
-1.0,50,741.993247
-2.0,50,742.407804
-1.0,50,742.835224
-3.0,50,743.225499
-2.0,50,743.633907
-1.0,50,744.026114
-2.0,50,744.443472
-3.0,50,744.883578
-4.0,50,745.317156
-1.0,50,745.745601
-2.0,50,746.162153
-1.0,50,746.551963
-3.0,50,746.94683
-3.0,50,747.336841
-1.0,50,747.727294
-3.0,50,748.122669
-2.0,50,748.510498
-2.0,50,749.676466
-3.0,50,750.076007
-3.0,50,750.48328
-3.0,50,750.884817
0.0,50,751.273909
-3.0,50,751.69623
-2.0,50,752.11786
-1.0,50,752.540419
-2.0,50,752.952147
-1.0,50,753.374828
-2.0,50,753.79972
-1.0,50,754.19366
-2.0,50,754.593109
-3.0,50,754.995949
-3.0,50,755.4069
-2.0,50,755.827874
0.0,50,756.240684
-2.0,50,756.669664
0.0,50,757.081363
0.0,50,757.499603
0.0,50,757.918596
-3.0,50,758.306122
-3.0,50,758.707885
-2.0,50,759.107872
-1.0,50,759.495847
0.0,50,759.891161
-3.0,50,760.287888
-3.0,50,760.703627
-1.0,50,761.117242
-2.0,50,761.506639
-14.0,50,761.898539
-1.0,50,762.287177
-1.0,50,762.677108
-2.0,50,763.06406
0.0,50,763.453185
0.0,50,763.876681
-3.0,50,764.320867
0.0,50,764.763375
-2.0,50,765.176826
-3.0,50,765.61871
0.0,50,766.044709
-1.0,50,766.432738
-3.0,50,766.825145
-2.0,50,767.227634
-3.0,50,767.645985
-3.0,50,768.087896
-1.0,50,768.48781
-2.0,50,768.909648
-2.0,50,769.308307
-1.0,50,769.699398
-3.0,50,770.893328
-2.0,50,771.298194
-1.0,50,771.693281
-2.0,50,772.091604
-1.0,50,772.481759
-3.0,50,772.875667
-3.0,50,773.270705
-2.0,50,773.699447
-1.0,50,774.134434
-3.0,50,774.527905
-2.0,50,774.920992
-1.0,50,775.308448
-3.0,50,775.714288
-2.0,50,776.146084
-2.0,50,776.579907
-2.0,50,776.995288
-3.0,50,777.38363
-2.0,50,777.793141
-2.0,50,778.208002
-1.0,50,778.60039
-1.0,50,778.989634
-2.0,50,779.377134
-2.0,50,779.768705
-3.0,50,780.192632
-2.0,50,780.590599
0.0,50,780.983738
-2.0,50,781.37539
-3.0,50,781.774041
-2.0,50,782.19332
-3.0,50,782.577838
-3.0,50,782.999871
-3.0,50,783.396119
-3.0,50,783.789292
-5.0,50,784.216549
-2.0,50,784.655998
-2.0,50,785.094797
-3.0,50,785.519563
-3.0,50,785.930421
-2.0,50,786.365155
-1.0,50,786.796764
-2.0,50,787.224267
-2.0,50,787.626662
-2.0,50,788.018432
-2.0,50,788.406203
-2.0,50,788.801702
-3.0,50,789.242607
-1.0,50,789.649748
-3.0,50,790.039803
-2.0,50,790.42939
-3.0,50,790.819696
-1.0,50,791.953722
-2.0,50,792.375525
-2.0,50,792.764678
-3.0,50,793.166628
-3.0,50,793.56946
0.0,50,793.966955
-3.0,50,794.367669
-2.0,50,794.754149
-2.0,50,795.171302
-3.0,50,795.589664
-5.0,50,795.978168
-2.0,50,796.368654
-3.0,50,796.755521
-3.0,50,797.172901
-3.0,50,797.58079
-2.0,50,797.996926
-2.0,50,798.399425
-3.0,50,798.786728
-2.0,50,799.209575
-1.0,50,799.644818
-1.0,50,800.046629
-3.0,50,800.437199
-1.0,50,800.829359
-3.0,50,801.225708
-1.0,50,801.636845
-1.0,50,802.033548
-1.0,50,802.464719
-3.0,50,802.860471
-3.0,50,803.253567
-2.0,50,803.63938
-3.0,50,804.062452
-3.0,50,804.458146
-2.0,50,804.843727
-1.0,50,805.253331
0.0,50,805.680341
-2.0,50,806.073571
-1.0,50,806.45791
-2.0,50,806.849694
-2.0,50,807.254621
-1.0,50,807.65651
-2.0,50,808.064709
-2.0,50,808.501205
-3.0,50,808.912567
-2.0,50,809.2981
-3.0,50,809.687534
0.0,50,810.079585
-2.0,50,810.515842
-2.0,50,810.945222
-2.0,50,811.341446
-2.0,50,811.734201
-2.0,50,812.875561
-1.0,50,813.265021
-5.0,50,813.66568
-2.0,50,814.059982
-3.0,50,814.478354
-3.0,50,814.917257
-3.0,50,815.353301
-3.0,50,815.789466
-1.0,50,816.234747
-4.0,50,816.664708
-6.0,50,817.09285
-2.0,50,817.533327
-2.0,50,817.988131
-3.0,50,818.434476
-2.0,50,818.882685
-2.0,50,819.298118
-3.0,50,819.695608
-2.0,50,820.090745
-2.0,50,820.48256
-1.0,50,820.914973
-2.0,50,821.360577
-9.0,50,821.7759
0.0,50,822.167969
0.0,50,822.593274
-3.0,50,823.020425
-3.0,50,823.44822
-2.0,50,823.886711
-2.0,50,824.310213
-2.0,50,824.704485
-2.0,50,825.120385
-3.0,50,825.55666
0.0,50,825.997169
-2.0,50,826.412884
-1.0,50,826.816453
-1.0,50,827.248571
-3.0,50,827.671746
-14.0,50,828.071743
-3.0,50,828.465751
-1.0,50,828.857127
-3.0,50,829.248137
0.0,50,829.634626
-2.0,50,830.032496
-2.0,50,830.420594
-2.0,50,830.812833
0.0,50,831.202645
-3.0,50,831.587947
-2.0,50,831.980246
-1.0,50,832.366032
-6.0,50,832.756081
-1.0,50,833.149546
-2.0,50,834.374652
-3.0,50,834.811894
-2.0,50,835.251635
0.0,50,835.676319
-1.0,50,836.115589
-2.0,50,836.540842
-2.0,50,836.978718
-1.0,50,837.4057
-3.0,50,837.837831
-3.0,50,838.28306
-2.0,50,838.730895
-1.0,50,839.173583
-3.0,50,839.58832
-1.0,50,839.980528
-1.0,50,840.39262
-3.0,50,840.840418
-2.0,50,841.27513
-2.0,50,841.713837
-3.0,50,842.141515
-3.0,50,842.549534
-2.0,50,842.968473
-1.0,50,843.357718
-3.0,50,843.749443
-2.0,50,844.146368
-2.0,50,844.537376
-1.0,50,844.965983
-1.0,50,845.391076
-2.0,50,845.81253
0.0,50,846.206358
-2.0,50,846.5966
-3.0,50,847.003686
-2.0,50,847.394718
-1.0,50,847.786049
-2.0,50,848.173808
-2.0,50,848.562236
-2.0,50,848.956477
-11.0,50,849.342859
-3.0,50,849.752832
-1.0,50,850.149308
-4.0,50,850.564686
-2.0,50,850.95754
-1.0,50,851.346433
-2.0,50,851.736045
0.0,50,852.124288
-1.0,50,852.511305
-2.0,50,852.90335
-2.0,50,853.291066
-1.0,50,853.680443
-4.0,50,854.073338
-1.0,50,854.457736
